用户名,楼层,回复时间,回复内容,服务器,角色id
白小衣,2楼,2022-02-25 21:22,快吗
上木彡绘梨衣,3楼,2022-02-25 21:23,
逆天kdsw,4楼,2022-02-25 21:23,
怀安呀-,7楼,2022-02-25 21:26,陆游就叫路游吧
獨菰九劍,8楼,2022-02-25 21:26,为什么啊给个解释啊
炎哀雪,9楼,2022-02-25 21:28,…
慕清诩,10楼,2022-02-25 21:30,
引以为戒,12楼,2022-02-25 21:32,我不能接受
我很抱歉,13楼,2022-02-25 21:33,服务器:木兰山中ID:10241023陆游-陆悟观唐婉-唐惠仙,木兰山中,10241023
孙笨,14楼,2022-02-25 21:34,陆游—陆务观唐婉—赵婉高长恭—高肃完颜亮—迪古乃完颜雍—乌禄角色ID：10384727服务器名：苗疆密林,名苗疆密林,10384727
一泓秋水,15楼,2022-02-25 21:35,服务器：离忧谷id：10488994陆游——路由器唐婉——糖宛完颜亮——完颜靓完颜雍——完颜啊谷朵萧摩柯——萧十一郎高长恭——高沐雪,离忧谷,10488994
RJR2012,16楼,2022-02-25 21:36,苗疆密林10464552司牧冲陆游——陆翰群唐婉——唐静婉完颜亮——完颜光完颜雍——完颜壅萧摩诃——萧镇南高长恭——高泽瑜,,
夏日以后比如你,17楼,2022-02-25 21:36,天山雪谷10001182酴醾落尽陆游-陆放翁唐婉-唐蕙仙,,
凑弟弟,18楼,2022-02-25 21:37,服务器：苗疆密林id：101524981.陆游-路由2.唐婉-糖丸3.完颜亮-完一玩4.完颜雍-完不玩5.萧摩诃-萧一笑6.高长恭-高明,苗疆密林,10152498
引以为戒,19楼,2022-02-25 21:37,别的辛弃疾，王维啥的，需要改么，要整一次整完,,
等着谁来毁灭,20楼,2022-02-25 21:38,所以至少也要三月中旬才有资料片,,
哦哈哈69,22楼,2022-02-25 21:39,无名幻境10036022铁先生1.陆游——陆卐2.唐婉——唐游3.完颜亮——完蛋亮4.完颜雍——完蛋雍5.萧摩诃——萧诃摩6.高长恭——高老恭,,
夜的守望人,23楼,2022-02-25 21:39,无名幻境11210567陆游-陆望北,,
佛系用户,24楼,2022-02-25 21:40,不要,,
仇无敌,25楼,2022-02-25 21:40,难道侵权了？,,
飞云轩,28楼,2022-02-25 21:44,服务器：天山雪谷id：104815601.陆游-陆宁游2.唐婉-唐璇婉3.完颜亮-完明轩4.完颜雍-完明亮5.萧摩诃-萧炎伦6.高长恭-高柯铭,天山雪谷,10481560
采姑娘的小,29楼,2022-02-25 21:44,服务器:苗疆密林ID:10710722桃花仙子－张翠花田文－田二狗黄飞鸿－黄辉冯李时珍－李时珍的皮少年忽必烈－老年忽必烈,苗疆密林,10710722
劉信,30楼,2022-02-25 21:44,龙泉剑庐10326307雪无尘陆游——陆观唐婉——唐心完颜亮——金亮完颜雍——金雍萧摩诃——萧墨高长恭——高兰陵,,
暴打一只鸡,31楼,2022-02-25 21:45,无名幻境11201076老靓仔陆游----陆灵（东灵剑）唐婉----唐婉儿,,
我的遗憾与你,32楼,2022-02-25 21:45,我不理解,,
buringhreat,33楼,2022-02-25 21:46,服务器：洞庭月夜id：10000032陆游——陆少观唐婉——唐菀儿完颜亮——完颜明完颜雍——完颜正萧摩柯——萧诘高长恭——高肃武,洞庭月夜,10000032
earth身是客,34楼,2022-02-25 21:48,服务器：苗疆密林ID：10022665陆游--陆放翁（自号）陆务观（字）,苗疆密林,10022665
青菜白玉汤,35楼,2022-02-25 21:49,服务器：水月山庄ID：12536981.陆游——陆放2.唐婉——唐晚3.完颜亮——完颜明4.完颜雍——完颜禄5.萧摩诃——萧战6.高长恭——高倏隐,水月山庄,1253698
新建文件夹,36楼,2022-02-25 21:50,陆游—陆务唐婉—唐宛高长恭—高长虹完颜亮—完颜良完颜雍—完颜勇角色ID：10891395服务器名：天山雪谷,名天山雪谷,10891395
青衣子,37楼,2022-02-25 21:51,陆放牛,,
佛系用户,38楼,2022-02-25 21:51,服务器：墨家古阵lD:10133682陆游-陆游唐唐婉-唐婉陆完颜亮-完颜兄完颜雍-完颜弟萧摩诃-萧战高长恭-高长肃,墨家古阵,
慕清诩,39楼,2022-02-25 21:52,由于舍不得就拿字和别名来替代了无名幻境11116588慕清诩1.陆游--务观2.唐婉--蕙仙3.完颜亮--海陵王4.完颜雍--金世宗5.萧摩诃--元胤6.高长恭--高肃,,
鸟的计划,40楼,2022-02-25 21:52,服务器：天山雪谷ID：107680391.陆游-陆沂2.唐婉-唐沐3.完颜亮-完颜元厉4.完颜雍-完颜定康5.萧摩诃-萧都6.高长恭-高止云,天山雪谷,10768039
剑阵荡魔姜刚,41楼,2022-02-25 21:52,苗疆密林10000435陆游___路有唐婉——糖丸完颜亮——完颜阿明完颜雍——完颜啊勇萧摩诃——萧霸之高长恭——高之盛,,
青眼究极龙,42楼,2022-02-25 21:53,天山雪谷10640187青眼究极龙1.陆游——陆长风2.糖婉——糖清婉3.完颜亮——完颜宏4.完颜雍——完颜图5.萧摩柯——萧破天6.高长恭——高小隐,,
谈剑心,43楼,2022-02-25 21:53,要摆脱幻想群侠走自主创作啦？,,
鸟的计划,44楼,2022-02-25 21:54,服务器：天山雪谷ID：107680391.陆游-陆沂2.唐婉-唐沐3.完颜亮-完颜元4.完颜雍-完颜定5.萧摩诃-萧都6.高长恭-高止云,天山雪谷,10768039
珏人,45楼,2022-02-25 21:56,陆游—陆白唐婉—唐伶高长恭—高锻敖完颜亮—阙颜安完颜雍—阙颜铭角色ID：10384691服务器名：天津晓月,名天津晓月,10384691
大春袋,46楼,2022-02-25 21:58,不如就阳过，小笼女吧,,
瞄准打人,47楼,2022-02-25 21:58,墨家古阵10332755魔神之共主陆游--陆剑南唐婉--唐钗凤完颜亮--阎海陵完颜雍--阎思乌萧摩柯--萧一指高长恭--高破邙,,
starry2000,48楼,2022-02-25 21:59,天山雪谷10147835陆东海唐仙灵萧大漠完亮颜完雍颜高兰恭,,
鸟的计划,49楼,2022-02-25 21:59,不知道哪里违规了,,
Ashen One,50楼,2022-02-25 21:59,要改全改呗，看着历史名人乱入还是有点违和,,
傲雪欺霜,51楼,2022-02-25 22:00,服务器：墨家古阵ID：107028051.陆游——陆方文（陆放翁近音）2.唐婉——唐蕙（唐婉字蕙仙）3.完颜亮——完颜良4.完颜雍——完颜勇5.萧摩诃——萧墨和6.高长恭——高长肃（高长恭本名高肃）,墨家古阵,10702805
吴寄子,52楼,2022-02-25 22:01,服务器:木兰山中ID:10345063角色名:晏惊春陆游-陆方文取放翁谐音，亦为放拆字，体现其为人端方的文人形象。唐婉-苑棠取宛字一部，将名字倒过来，防止太过明显。萧摩诃-（萧）元胤元胤为其字，当然元也可作为北朝人姓氏。高长恭-高肃之高肃为其本名，长恭本为其字。加个之字凑数。另外肃字又与剧情中其玩世不恭的跳脱形象形成对比。两个完颜老儿则完全没有让人起名的欲望……我个人的理解是，首当其冲的这几位是与主线有过多牵扯，或是对外宣发的侠客形象。陆游作为剧情中的东灵剑主，在其他几位都是原创侠客，或是后续他会有汉家世界观下与历史不同的剧情的情况下，唐突遭改动也并不是难以接受的事。。。希望最后能得到一个玩家相对满意的结果吧。,木兰山中,10345063
。。不知道,53楼,2022-02-25 22:01,,,
追影追逐追寻,54楼,2022-02-25 22:01,服务器:木兰山中ID:10018149陆游-阝氵唐婉-广巳完颜亮-宀彡冖完颜雍-宀彡亻萧摩诃-艹亅讠高长恭-冋一㣺,木兰山中,10018149
引以为戒,55楼,2022-02-25 22:02,服务器：苗疆密林ID：104479061.陆游-陆务观2.唐婉-唐琬儿3.完颜亮-完颜明4.完颜雍-完颜金5.萧摩诃-萧元诃6.高长恭-高陵王,苗疆密林,10447906
美哉未善哉,58楼,2022-02-25 22:08,服务器：天山雪古id：10621861陆游——陆莫错唐婉——唐瞒瞒/蕙仙儿完颜亮——海陵王完颜雍——金世帝萧摩柯——萧一指高长恭——兰陵王,天山雪古,10621861
溱洧涣兮i,59楼,2022-02-25 22:09,苗疆密林10666549瑾思无邪1.陆游——陆氵斿2.唐婉——唐女宛3.完颜亮——完彦亮4.完颜雍——完彦雍5.萧摩诃——萧摩讠可6.高长恭——高长龚,,
大大大官人,61楼,2022-02-25 22:09,离忧谷10381597大大大官人陆游-大官人唐婉-潘金莲完颜亮-完颜不破完颜雍-完颜无泪萧摩*-萧摩托（骑上我心爱的小摩托～）高长恭-高富帅,,
贴吧用户_a4ZWG4Z,62楼,2022-02-25 22:10,改完名是不是上架祈福了,,
欧萝漫咖,63楼,2022-02-25 22:10,服务器：水月山庄ID：12499201.陆游——陆锋2.唐婉——唐柔3.完颜亮——完颜辉4.完颜雍——完颜淳5.萧摩诃——萧破天6.高长恭——高碌庸,水月山庄,1249920
疯青杨,64楼,2022-02-25 22:10,服务器：天山雪谷10637100疯青扬1.陆游——路由2.唐婉——唐丸3.完颜亮——完颜良4.完颜雍——完颜融5.萧摩诃——萧摩柯,天山雪谷,
六 哥,65楼,2022-02-25 22:10,服务器:明月楼ID:10148665陆游-陆滺唐婉-唐碗完颜亮-完颜霄完颜雍-完颜饔萧摩诃-萧摩何高长恭-高长㳟,明月楼,10148665
疯青杨,66楼,2022-02-25 22:13,服务器：天山雪谷10640211南山拓海1.陆游——陆大海2.唐婉——唐小幽3.完颜亮——完颜凉4.完颜雍——完颜绿5.萧摩诃——萧虎尤,天山雪谷,
贴吧用户_GQKK9WX,68楼,2022-02-25 22:13,角色名：孟德服务器：天津晓月ID:103263861．陆游﹣路游2．唐婉一一糖丸3．完颜亮一玩颜亮4．完颜雍一玩颜雍5．萧摩诃一﹣萧摩志6．高长恭一一高长弓,天津晓月,10326386
筱玑姬,70楼,2022-02-25 22:14,服务器：天山雪谷ID：10893013角色：梅肌姬1.陆游——陆地2.唐婉——唐果,天山雪谷,10893013
Spike²,71楼,2022-02-25 22:15,龙泉剑庐103181401.陆游－陆忧2.唐婉－唐宛3.完颜亮－完颜光4.完颜雍－完颜藏5.萧摩诃－萧摩郃6.高长恭－高长敬,,
牛嘟嘟,73楼,2022-02-25 22:15,无名幻境111917771.陆游——路游2.唐婉——唐丸3.完颜亮——完颜明4.完颜雍——完颜峥5.萧摩柯——萧昙华6.高长恭——高世茂,,
疯青杨,74楼,2022-02-25 22:16,服务器：天山雪谷10662713董宸澋1.陆游——陆幽2.唐婉——唐婉蓉3.完颜亮——完颜暗4.完颜雍——完颜融5.萧摩诃——萧大海,天山雪谷,
小鲨鱼,75楼,2022-02-25 22:16,直接用字不就行了,,
预备律者,76楼,2022-02-25 22:16,无名幻境10691572陆游——陆郎唐婉——糖丸,,
小鲨鱼,77楼,2022-02-25 22:16,陆游字放翁,,
美哉未善哉,78楼,2022-02-25 22:17,服务器：天山雪古id：10621861陆游——陆莫错唐婉——唐瞒瞒/蕙仙儿完颜亮——海陵王完颜雍——金世帝萧摩柯——萧一指高长恭——兰陵王,天山雪古,10621861
限你三个月,79楼,2022-02-25 22:18,服务器：苗疆密林ID：108788701.陆游——陆遥2.唐婉——唐绮3.完颜亮——完颜炀4.完颜雍——完颜尧5.萧摩诃——萧武毅6.高长恭——高玄阳,苗疆密林,10878870
比奇堡居民,80楼,2022-02-25 22:20,陆游-陆蝣唐婉-唐宛完颜亮-宗颜亮完颜雍-宗颜雍萧摩-萧摩袔高长恭-高长巷水月山庄1246666比奇堡居民,,
美哉未善哉,81楼,2022-02-25 22:20,服务器：天山雪古id：10621861陆游——陆莫错唐婉——唐瞒瞒/蕙仙儿完颜亮——海陵王完颜雍——金世帝萧摩柯——萧一指高长恭——兰陵王,天山雪古,10621861
美哉未善哉,82楼,2022-02-25 22:20,被屏蔽了,,
疯青杨,83楼,2022-02-25 22:20,服务器：天山雪谷10842863皮徳狠1.陆游——陆婉2.唐婉——唐游3.完颜亮——完颜壹4.完颜雍——完颜贰5.萧摩诃——萧摩叁,天山雪谷,
秋之流水,85楼,2022-02-25 22:20,服务器：龙泉剑庐ID：10322325陆游-陆乃翁唐婉-唐凤钗完颜亮-金亮完颜雍-金雍萧摩柯-萧尚高长恭-高清阔,龙泉剑庐,10322325
差不多得了,86楼,2022-02-25 22:21,天山雪谷10679517小箩卜陆游——我大哥唐婉——我嫂子完颜亮——完颜洪烈完颜雍——完颜康萧摩诃——萧道成高长恭——兰陵王,,
胤丹书,88楼,2022-02-25 22:22,天山雪谷10695079崔至秦1.陆游——陆观2.唐婉——唐蕙3.完颜亮——完颜功4.完颜雍——完颜袖5.萧摩诃——萧元胤6.高长恭——高肃之就这样吧，有原名，也有字化名,,
为伊,89楼,2022-02-25 22:22,无名幻境10607104陆游——陆攸唐婉——唐瑶完颜亮——完颜烈完颜雍——完颜宏萧摩诃——萧天衍高长恭——高肃,,
筱玑姬,91楼,2022-02-25 22:24,天山雪谷10935882美游姬陆游——陆地唐婉——唐果完颜亮——完颜帅完颜雍——完颜愁萧摩诃——萧炎高长恭——高富帅,,
vcg261,92楼,2022-02-25 22:24,服务器:无名幻境ID:11344941角色名:彭元勋唐婉-唐芷兮陆游-陆逸晨高长恭-高宇冥,无名幻境,11344941
sunbirdldy87,93楼,2022-02-25 22:25,服务器：天山雪谷ID：107170851.陆游——路游2.唐婉——糖心3.完颜亮——完颜旭4.完颜雍——完颜庸5.萧摩诃——萧十二郎6.高长恭——高烈,天山雪谷,10717085
筱玑姬,95楼,2022-02-25 22:26,天山雪谷10912113角色：怒舔血匕陆游——陆地唐婉——唐果完颜亮——完颜帅完颜雍——完颜愁萧摩诃——萧炎高长恭——高富帅,,
筱玑姬,96楼,2022-02-25 22:27,天山雪谷10937169角色：鲁初鳕陆游——陆地唐婉——唐果完颜亮——完颜帅完颜雍——完颜愁萧摩诃——萧炎高长恭——高富帅,,
簡潔素心,97楼,2022-02-25 22:27,苗疆密林105007391陆观2唐菀3完颜明4完颜禄5萧烈6高倏隐,,
筱玑姬,98楼,2022-02-25 22:28,天山雪谷10937167角色：姬流雪陆游——陆地唐婉——唐果完颜亮——完颜帅完颜雍——完颜愁萧摩诃——萧炎高长恭——高富帅,,
长歌剑心2,99楼,2022-02-25 22:28,角色id：长歌剑心陆游-萧炎糖丸-萧熏儿完颜亮-林动完颜雍-唐三萧摩柯-叶凡高长恭-石昊,,长歌剑心
幸运黑夜日,100楼,2022-02-25 22:28,无名幻境109056811.陆游-陆水方2.唐婉-唐夕巳3.完颜亮-完颜晓4.完颜雍-完颜达5.萧摩诃-萧子文6.高长恭-高云覔,,
筱玑姬,101楼,2022-02-25 22:29,天山雪谷10937164角色：姬爱雪陆游——陆地唐婉——唐果完颜亮——完颜帅完颜雍——完颜愁萧摩诃——萧炎高长恭——高富帅,,
筱玑姬,102楼,2022-02-25 22:31,天山雪谷10907615角色：腰下一剑陆游——陆地唐婉——唐果完颜亮——完颜帅完颜雍——完颜愁萧摩诃——萧炎高长恭——高富帅,,
筱玑姬,103楼,2022-02-25 22:32,天山雪谷10925074角色：官帝陆游——陆地唐婉——唐果完颜亮——完颜帅完颜雍——完颜愁萧摩诃——萧炎高长恭——高富帅,,
方晚,104楼,2022-02-25 22:33,天山雪谷10625524方晚1.陆游——陆由器2.唐婉——糖丸3.完颜亮——完了亮4.完颜雍——完了雍5.萧摩柯——萧摩木可6.高长恭——高短恭舍不得陪伴了我这么多年的夫妻组合啊,,
筱玑姬,105楼,2022-02-25 22:33,天山雪谷10925105角色：抽蓝陆游——陆地唐婉——唐果完颜亮——完颜帅完颜雍——完颜愁萧摩诃——萧炎高长恭——高富帅,,
幺姬不吃鱼,106楼,2022-02-25 22:33,天山雪谷10912620幺姬不吃鱼1.路游--陆岑游2.唐婉--唐婵婉3.完颜亮--完颜明4.完颜雍--完颜咏5.萧摩诃--萧漠河6.高长恭--长恭,,
落花湿衣,107楼,2022-02-25 22:34,服务器：苗疆密林ID：10867507陆游——陆悠唐婉——唐绾完颜亮——完颜明完颜雍——完颜邕萧摩柯——萧元胤高长恭——高肃,苗疆密林,10867507
筱玑姬,108楼,2022-02-25 22:34,天山雪谷10925537角色：万事顺利陆游——陆地唐婉——唐果完颜亮——完颜帅完颜雍——完颜愁萧摩诃——萧炎高长恭——高富帅,,
小中医,109楼,2022-02-25 22:34,服务器：苗疆密林ID：103346641.陆游——陆观2.唐婉——唐菀3.完颜亮——完颜明4.完颜雍——完颜禄5.萧摩诃——萧烈6.高长恭——高倏隐还就那个终极白嫖,苗疆密林,10334664
筱玑姬,110楼,2022-02-25 22:35,天山雪谷10925321角色：龙膜玉陆游——陆地唐婉——唐果完颜亮——完颜帅完颜雍——完颜愁萧摩诃——萧炎高长恭——高富帅,,
普鲁斯特/F,111楼,2022-02-25 22:35,服务器：无名幻境id:10392009陆游—陆放唐婉—糖丸,无名幻境,10392009
筱玑姬,112楼,2022-02-25 22:36,天山雪谷10925197角色：光二娘陆游——陆地唐婉——唐果完颜亮——完颜帅完颜雍——完颜愁萧摩诃——萧炎高长恭——高富帅,,
啊刘12138,113楼,2022-02-25 22:38,苗疆密林107753191.陆游——路由2.唐婉——糖丸3.完颜亮——完颜暗4.完颜雍——完颜颜5.萧摩诃——萧摩摩6.高长恭——高短恭,,
星怒,114楼,2022-02-25 22:39,无名幻境11293753李继隆陆游——陆放翁唐婉——唐琬完颜亮——完颜元功完颜雍——完颜彦举萧摩诃——萧元胤高长恭——高孝瓘,,
春长醉丹青,115楼,2022-02-25 22:39,服务器：离忧谷id：10402726陆游——陆留唐婉——唐挽完颜亮——完颜明完颜雍——完颜射萧摩柯——萧尽高长恭——高嬴,离忧谷,10402726
倾尽,116楼,2022-02-25 22:40,服务器：无名幻境ID：102708541陆由陆佑2唐晚（真的不希望以上两位改名字）3严亮颜亮4严雍严勇严永颜雍颜勇颜永5萧漠（萧烈也挺好）6高长风高枫,无名幻境,10270854
月虫冲冲冲,117楼,2022-02-25 22:40,改一个名字一个绝自选，我当场失忆,,
13天年,118楼,2022-02-25 22:41,天山雪谷10458449狄海1.陆游——陆锋2.唐婉——唐柔3.完颜亮——完颜辉4.完颜雍——完颜淳5.萧摩诃——萧破天6.高长恭——高碌庸,,
宿悸,119楼,2022-02-25 22:41,服务器:苗疆密林ID:10677360萧摩柯–––萧漠河知道那个字念ke啦不过这样好避嫌，漠是因为武学是大漠一指用自己的名字起武学名很合理高长恭–––高肃齐本名高肃北齐宗室tap上发过一遍啦只是想让松鼠能看见,苗疆密林,10677360
施不象,120楼,2022-02-25 22:41,服务器：龙泉剑庐ID：10116486陆游——陆旅唐婉——唐钗完颜亮——完颜明完颜雍——完颜正萧摩柯——萧摩云高长恭——高长敬,龙泉剑庐,10116486
咸鱼大嘟嘟,121楼,2022-02-25 22:42,陆游——陆行之唐婉——唐芷柔完颜亮——完颜烛明完颜雍——完颜和光萧摩柯——萧无量高长恭——高明台,,
宿悸,122楼,2022-02-25 22:44,服务器:苗疆密林ID:10677360萧摩柯–––萧漠河知道那个字念ke啦不过这样好避嫌，漠是因为武学是大漠一指用自己的名字起武学名很合理高长恭–––高肃齐本名高肃北齐宗室,苗疆密林,10677360
紫海流苏,123楼,2022-02-25 22:45,服务器：天津晓月ID：100453301.陆游--陆棠2.唐婉--唐双3.完颜亮--完颜洪4.完颜雍--完颜正5.萧摩诃--萧嗔6.高长恭--高澈,天津晓月,10045330
贴吧用户_5MGVAE6,124楼,2022-02-25 22:46,无名幻境10639424金鎊銻銘1.陆游——陆卐2.唐婉——唐游3.完颜亮——完蛋亮4.完颜雍——完蛋雍5.萧摩诃——萧诃摩6.高长恭——高老恭,,
真龙天子,125楼,2022-02-25 22:47,服务器:天津晓月ID:10149226陆游陆遊唐婉唐挽(唐绾)完颜亮完颜量完颜雍完颜庸萧摩诃萧摩呵高长恭高常公,天津晓月,10149226
周瑜,126楼,2022-02-25 22:47,明月楼10150506李纯阳1.陆游——陆矢北2.唐婉——唐筱3.完颜亮——拓跋胥3.完颜雍——拓跋阎4.萧摩诃——邪去真5.高长恭——涂殇云,,
崎路人,127楼,2022-02-25 22:48,服务器：苗疆密林ID：100241121.陆游——陆泳2.唐婉——糖丸3.完颜亮——完颜梁4.完颜雍——完颜咏5.箫摩诃——箫墨鹤6.高长恭——高短恭,苗疆密林,10024112
风,128楼,2022-02-25 22:48,服务器：天山雪谷ID：10788978陆游——陆言唐婉——唐语嫣完颜亮——完颜克完颜雍——完颜烈萧摩柯——萧放高长恭——高离,天山雪谷,10788978
山猫米西卡,129楼,2022-02-25 22:50,天山雪谷107159711.陆游——陆斿2.唐婉——唐琬3.完颜亮——完颜光4.完颜雍——完颜壅5.萧摩诃——萧摩柯6.高长恭——高陵兰,,
人生的失败者丶,130楼,2022-02-25 22:52,服务器：苗疆密林ID：105582931.陆游-陆务观2.唐婉-唐琬儿3.完颜亮-完颜明4.完颜雍-完颜金5.萧摩诃-萧元诃6.高长恭-高陵王,苗疆密林,10558293
方奇偶法hi,131楼,2022-02-25 22:52,服务器：天山雪谷id：10492331陆游——路由唐婉——糖丸完颜亮——完颜暗完颜雍——完颜庸萧摩柯——萧淑妃高长恭——高短敬,天山雪谷,10492331
迷糊晲,132楼,2022-02-25 22:52,服务器:墨家古阵ID:101964091.陆游——陆寻知2.唐婉——唐盼音3.完颜亮——完颜缺4.完颜雍——完颜逝明5.萧摩诃——萧凌空6.高长恭——高败,墨家古阵,10196409
绝727,133楼,2022-02-25 22:54,陆游，陆务观，离忧密谷郎嘉珍,,
二西莫夫,134楼,2022-02-25 22:54,陆游:陆北望唐婉:糖丸高长恭:高长贡完颜亮:完颜明完颜雍:乌禄天山雪谷10940944椿岁丶,,
伽古拉,135楼,2022-02-25 22:56,服务器：无名幻境ID：11265933陆游——陆忧唐婉——唐晚完颜亮——完颜梁完颜雍——完颜壅萧摩柯——萧墨柯高长恭——高昌龚,无名幻境,11265933
方奇偶法hi,136楼,2022-02-25 22:58,服务器：天山雪谷id：104923311.路由2.糖丸3.颜亮4.颜雍5.萧淑妃6.高肃,天山雪谷,10492331
jackwalfking,137楼,2022-02-25 22:58,服务器：明月楼ID：101450201.陆游——陆悠2.唐婉——唐绾3.完颜亮——完颜璟4.完颜雍——完颜兀5.萧摩诃——萧骜6.高长恭——高瑜,明月楼,10145020
二西莫夫,138楼,2022-02-25 22:59,陆游:陆北望唐婉:糖丸高长恭:高长贡完颜亮:完颜明完颜雍:乌禄天山雪谷天山雪谷10941920钢盔,,
吴承恩倒拔垂,140楼,2022-02-25 23:02,龙泉剑庐10350832金星人陆游--陆绾表示寄念唐婉--唐佑表示保佑完颜亮--完颜泓换个字完颜雍--完颜覆换个字萧摩诃--萧漠剋符合人物高长恭--高遥谡字意差不多100元宝到手,,
崔xxiao,141楼,2022-02-25 23:05,服务器：无名幻境id：107039981.陆游——陆放（翁）2.唐婉——唐绾/蕙3.完颜亮——完颜（元）功4.完颜雍——完颜（乌）禄5.萧摩诃——萧元胤/（殷）6.高长恭——高孝肃还是很遗憾的，毕竟政策嘛，唉，这些有的是他们的字，有的是谐音，希望能保留大半吧，唉,无名幻境,10703998
coinaly,142楼,2022-02-25 23:05,苗疆密林10631291玖丶陆游——陆望北唐婉——唐思君完颜亮——完颜元功完颜禄——完颜元富萧摩诃——萧观水高长恭——高沧溟,,
黎洪,144楼,2022-02-25 23:07,服务器：苗疆密林ID：108718621.陆游-陆放2.唐婉-唐琬3.完颜亮-完颜谅4.完颜雍-完颜镛5.萧摩诃-萧魔柯6.高长恭-高肃瓘,苗疆密林,10871862
贴吧用户_QKDUER1,146楼,2022-02-25 23:19,无名幻境10092171苍冥1.陆游——陆悠2.唐婉——唐绾3.完颜亮——完颜量4.完颜雍——完颜永5.萧摩诃——萧摩珂6.高长恭——高长弓,,
聱牙戟口666,147楼,2022-02-25 23:21,服务器：天山雪谷ID:10815989麦克白鼠1.陆游--卢务观2.唐婉--汤婉不能用原名还不能影射么,天山雪谷,10815989
谁动了我的小软,148楼,2022-02-25 23:22,陆冰河，糖吹雨（陆游的诗都太悲凉了）其他的随意吧，只有这两口子是真的有感情了,,
华丽的喵呜,149楼,2022-02-25 23:26,墨家古阵10062188黄袍可达鸭1.陆游——陆有器（路由器）2.唐婉——唐落雅（唐老鸭）3.完颜亮——完炎燎（玩颜料）4.完颜雍——完岳渠（玩乐器）5.萧摩诃——萧莫河（小墨盒）6.高长恭——高兴,,
屈心,150楼,2022-02-25 23:28,舍不得陆游其他的早就巴不得改了看见萧摩柯就出戏,,
三颗绿豆芽,151楼,2022-02-25 23:29,服务器：水月山庄ID：10651251.陆游——陆东灵2.唐婉——唐为君3.完颜亮——完颜黑4.完颜雍——完颜正5.萧摩诃——萧无敌6.高长恭——高兰陵,水月山庄,1065125
l415961382,152楼,2022-02-25 23:29,服务器：无名幻境ID：106947581.陆游——陆水浒2.唐婉——唐丸儿3.完颜亮——完靓4.完颜雍——完庸5.萧摩诃——萧漠河6.高长恭——高禄杰,无名幻境,10694758
李沐晨,153楼,2022-02-25 23:31,服务器：苗疆密林ID:10673387陆游—陆放翁完颜亮—金亮,苗疆密林,10673387
青禾J,154楼,2022-02-25 23:32,服务器：天津晓月ID:102966251.陆游——陆悠2.唐婉——唐莞3.完颜亮——完颜明4.完颜雍——完颜永5.萧摩诃——萧觊天6.高长恭——高昌鸿,天津晓月,10296625
丹心墨染,155楼,2022-02-25 23:37,服务器：水月山庄ID：11254641.陆游——陆尤2.唐婉——唐晚3.完颜亮——完颜靓4.完颜雍——完颜庸5.萧摩诃——萧模赫6.高长恭——高尝弓,水月山庄,1125464
飞菲霏fff,156楼,2022-02-25 23:41,苗疆密林10299621惊世美颜1.陆游——唐游2.唐婉——陆婉3.完颜亮——完颜光4.完颜雍——完颜容5.萧摩诃——萧摩克6.高长恭——高长敬,,
菜猫鱼,157楼,2022-02-25 23:47,服务器:明月楼ID:100531191.陆游－陆乘月2.唐婉－唐素娥3.完颜亮－完颜明4.完颜雍－完颜乾5.萧摩诃－萧无量6.高长恭－高少安,明月楼,10053119
七月的Akina,158楼,2022-02-25 23:48,服务器:无名幻境ID:11210932陆游-陆北望唐婉-唐挽完颜亮-完颜术完颜雍-完颜永高长恭-高平陵,无名幻境,11210932
a心枫,159楼,2022-02-25 23:50,服务器：苗疆密林id：10439373陆游——陆定原唐婉——唐蕙完颜亮——完颜陵完颜雍——完颜宗,苗疆密林,10439373
上官尧,160楼,2022-02-25 23:52,服务器：无名幻境id：105222471.陆游-陆流2.唐婉-唐幻3.完颜亮-完年江4.完颜雍-完年宗5.萧摩诃-萨摩耶6.高长恭-高高高,无名幻境,10522247
him0522,161楼,2022-02-25 23:54,服务器：木兰山中ID：103603001.陆游——陆犹2.唐婉——唐琬3.完颜亮——王炎亮4.完颜雍——王炎雍5.萧摩诃——萧摩羯6.高长恭——高致兰,木兰山中,10360300
书雪月韵茶香,162楼,2022-02-25 23:54,天山雪谷10953264不吃鱼大侠1.陆游-陆归2.唐婉-唐惋3.完颜亮-丸炎凉4.完颜雍-丸炎痈5.萧摩诃-枭魔客6.高长恭-篙良恭,,
迩之不可追,163楼,2022-02-25 23:55,苗疆密林10347487陆游—路由,,
书雪月韵茶香,164楼,2022-02-25 23:57,天山雪谷10953264不吃鱼大侠1.陆游-陆归2.唐婉-唐惋3.完颜亮-丸炎凉4.完颜雍-丸炎痈5.萧摩诃-枭魔客6.高长恭-篙良恭,,
书雪月韵茶香,165楼,2022-02-25 23:57,天山雪谷10953264不吃鱼大侠1.陆游-陆归2.唐婉-唐惋3.完颜亮-丸炎凉4.完颜雍-丸炎痈5.萧摩诃-枭魔客6.高长恭-篙良恭,,
Butterfly_运,166楼,2022-02-26 00:00,明月楼100034821.陆游-陆鸿影(武学)2.唐婉-唐沅盈（武学加字)3.完颜亮-完颜明4.完颜雍-完颜禄（无感，照抄松鼠）5.萧摩诃-萧罗摩（梵文）6.高长恭-高云楼（随便取得）怎么换都觉得原来的好，确实难以接受,,
达芬奇,168楼,2022-02-26 00:07,服务器∶无名幻境ID∶10967900陆游--陆驿唐婉--唐琬萧摩诃--萧摩柯高长恭--高萧,∶无名幻境,∶10967900
鏡,169楼,2022-02-26 00:08,为啥要改就不能是同名同姓？,,
林自简,170楼,2022-02-26 00:09,服务器：苗疆密林ID：104783531.陆游-陆如故2.唐婉-唐初见3.完颜亮-完颜放4.完颜雍-完颜岳5.萧摩诃-萧无量6.高长恭-高岂恭,苗疆密林,10478353
若如初见,172楼,2022-02-26 00:22,服务器：墨家古阵Id:101325961.陆游-陆飞2.唐婉-唐葫芦3.完颜亮-完颜甲4.完颜雍-完颜乙5.萧摩诃-萧摩丙6.高长恭-高长丁,墨家古阵,
剑与曾经丶,174楼,2022-02-26 00:23,天山雪谷10084609天降小龙女1.陆游——陆忧2.唐婉——唐婠3.完颜亮——完颜魉4.完颜雍——完颜邕5.萧摩诃——萧墨戈6.高长恭——高孝桓,,
goldencleaner,176楼,2022-02-26 00:30,陆轻侯唐陌欢萧无量高长青完颜烈完颜靖,,
少侠请留步,177楼,2022-02-26 00:31,服务器：墨家古阵id：10784075陆游——陆北定、陆放唐婉——唐酥,墨家古阵,10784075
天降喵喵喵,178楼,2022-02-26 00:36,服务器:木兰山中ID:1021885陆游-陆远唐婉-唐菀,木兰山中,1021885
苦痛之歌,180楼,2022-02-26 00:38,天山雪谷ID：10701432陆游：东灵唐婉：为君完颜亮：完颜暗完颜雍：完颜正,,10701432
河朔寒,181楼,2022-02-26 00:42,角色ID：10861980服务器名：天山雪谷陆游—陆慕观唐婉—唐瑜高长恭—高肃完颜亮—颜亮完颜洪烈化名就叫颜烈完颜亮叫颜亮很合理完颜雍—颜雍,名天山雪谷,10861980
霸气的QAQ,182楼,2022-02-26 00:47,把名改成字可以吗٩(ᐛ)(ᐖ)۶,,
后山的梅子熟了,183楼,2022-02-26 00:50,陆游—陆去疾唐婉—唐婉清高长恭—高子期完颜亮—鸠摩空完颜雍—鸠摩弘角色ID：10645755服务器名：苗疆密林,名苗疆密林,10645755
芝士之父,184楼,2022-02-26 00:57,服务器:无名幻境ID:11318107陆游-陆离索唐婉-唐柳萧摩柯-萧战高长恭-高兰陵,无名幻境,11318107
叁两,186楼,2022-02-26 01:07,服务器：水月山庄ID：11924941.陆游——陆英俊2.唐婉——唐老鸭3.完颜亮——美颜亮4.完颜雍——美颜雍5.萧摩诃——萨摩柯基6.高长恭——高乐高,水月山庄,1192494
绵流祭,187楼,2022-02-26 01:07,服务器：龙泉剑庐id：10265266陆游——陆笙唐婉——唐晚清完颜亮——完颜明完颜雍——完颜隆萧摩柯——萧无量高长恭——高温良,龙泉剑庐,10265266
超然物外,188楼,2022-02-26 01:11,苗疆密林103543491.陆游-陆冰河2.唐婉-唐晓凤3.完颜亮-完颜光4.完颜雍-完颜拓5.萧摩诃-萧无量6.高长恭-高兰陵,,
白云丶,189楼,2022-02-26 01:18,苗疆密林10377118白云城主丶1.陆游--务观2.唐婉--蕙仙3.高长恭--高肃,,
H,190楼,2022-02-26 01:20,服务器：天山雪谷ID：103247101.陆游——陆翁2.唐婉——唐果儿3.完颜亮——完颜飞4.完颜雍——完颜宗5.萧摩诃——萧峰6.高长恭——高崖内,天山雪谷,10324710
Eugen酱,192楼,2022-02-26 01:28,苗疆密林10353932陆游---陆念唐婉---唐怜完颜亮---完颜炀完颜雍---完颜明萧摩诃---萧元胤高长恭---高忠武,,
快没时间了,193楼,2022-02-26 01:32,都用谐音吧,,
此前一秒作废,196楼,2022-02-26 07:15,陆务观（能不能用字？）或者陆放翁，陆诗仙？,,
xxx阿卡卡xx,198楼,2022-02-26 07:27,服务器：苗疆密林ID：103467551.陆游——陆风2.唐婉——唐芸3.完颜亮——完卜奇4.完颜雍——完卜动5.萧摩诃——萧伯斯6.高长恭——高有礼,苗疆密林,10346755
惊世羽,199楼,2022-02-26 07:30,服务器：天山雪谷ID：102454271.陆游-陆婉2.唐婉-唐游3.完颜亮-完颜不亮4.完颜雍-完颜不雍5.萧摩诃-萧摩擦6.高长恭-高玩,天山雪谷,10245427
南桥几经秋_,200楼,2022-02-26 08:04,天津晓月ID：10305833陆游——陆遊唐婉——唐宛改字不改音，其他人叫什么都行,,10305833
放逐之刃,201楼,2022-02-26 08:11,墨家古阵10056351绾清醪1.陆游——陆遊2.唐婉——唐绾3.完颜亮——万闫良4.完颜雍——万闫勇5.萧摩诃——肖墨鹤6.高长恭——郜长宫,,
saittyprince,202楼,2022-02-26 08:20,苗疆密林10478476陆游---唐婉唐婉---陆游完颜亮---完颜雍完颜雍---完颜亮萧摩诃---高长恭高长恭---萧摩诃,,
青霄笙鹤,203楼,2022-02-26 08:31,墨家古阵10434510陆游---陆翁唐婉---唐涴完颜亮---完颜暗完颜雍---完颜正萧摩诃---萧无量高长恭---高谦正,,
多远才是天涯,205楼,2022-02-26 08:41,黄飞鸿呢？别以为没几个人练黄飞鸿就没事了。黄飞鸿后人可是还活着，小心吃律师函。,,
木奣木,206楼,2022-02-26 08:44,离忧谷10462553林天明陆游——陆忧国唐婉——唐挽歌完颜亮——完颜谅完颜雍——完颜庸萧摩诃——萧莫和高长恭——高兰陵,,
直到太阳落山,207楼,2022-02-26 08:51,服务器：木兰山中ID：102839581.陆游——陆小凤2.唐婉——唐娅3.完颜亮——完蛋亮4.完颜雍——完蛋勒5.萧摩诃——萧刀磨6.高长恭——高公公,木兰山中,10283958
喝假酒的谪仙人,209楼,2022-02-26 09:07,离忧谷10511450青魏陆游—路游唐婉—唐琬完颜亮—金亮完颜雍—金雍萧摩诃—元胤高长恭—高孝瓘,,
吹牛红🐀,211楼,2022-02-26 09:22,苗疆密林10255606忠武1.陆游——陆小游2.唐婉——唐小游3.完颜亮——完颜小亮4.完颜雍——完颜小雍5.萧摩诃——萧诃小摩6.高长恭——高小恭,,
他大舅,212楼,2022-02-26 09:27,服务器：苗疆密林ID：107824011.陆游——陆邮2.唐婉——汤婉3.完颜亮——完颜谅4.完颜雍——完颜槦5.箫摩诃——箫墨柯6.高长恭——高长弓,苗疆密林,10782401
贩夫走卒尔,213楼,2022-02-26 09:32,离忧谷10399175陆游-陆生缘,,
盛夏光年丶,214楼,2022-02-26 09:33,服务器：天山雪谷id：10912712陆游——陆忧唐婉——糖丸完颜亮——铁木亮完颜雍——铁木雍萧摩柯——萧战高长恭——高誉,天山雪谷,10912712
雷剑魔尊,215楼,2022-02-26 10:16,,,
潘大宝,217楼,2022-02-26 10:17,服务器:苗疆密林ID:105664331.陆游——潘游2.唐婉——侯婉3.完颜亮——完颜明4.完颜雍——完颜正5.萧摩诃——萧般若6.高长恭——潘岳,苗疆密林,10566433
开始解放-,219楼,2022-02-26 10:48,墨家古阵10676128开始解放陆游陆从戎唐婉唐慧心,,
青山一发,220楼,2022-02-26 10:56,服务器：天山雪谷ID：108786191.陆游——陆观2.唐婉——唐蕙3.完颜亮——完颜昱4.完颜雍——完颜尧5.高长恭——高肃,天山雪谷,10878619
青山一发,222楼,2022-02-26 10:58,服务器：天山雪谷ID：10878619陆游——陆观唐婉——唐蕙完颜亮——完颜昱完颜雍——完颜尧萧摩柯——萧无量高长恭——高肃,天山雪谷,10878619
河山统一!,223楼,2022-02-26 11:02,服务器:天山雪谷ID:107541341.陆游——陆务观2.唐婉——唐挽3.完颜亮——完颜古乃4.完颜雍——完颜乌禄5.萧摩诃——萧元胤6.高长恭——高肃,天山雪谷,10754134
旷武千秋,224楼,2022-02-26 11:09,服务器:无名幻境ID:10778556陆游-陆放翁唐婉-唐酥手,无名幻境,10778556
贴吧用户_a4tVMP8,227楼,2022-02-26 11:37,天山雪谷104128851.陆游-陆放2.唐婉-唐欢3.完颜亮-完颜壳4.完颜雍-完颜庸5.萧摩诃-萧摩柯6.高长恭-高长虹,,
沐心尘,228楼,2022-02-26 11:44,苗疆密林103609441.陆游——陆务观/陆放翁/陆剑南2.唐婉——唐婉儿/唐蕙仙/唐琬儿3.完颜亮——完颜灼4.完颜雍——完颜为5.萧摩诃——萧无量6.高长恭——高仁礼,,
zhangguangmin5,230楼,2022-02-26 13:06,墨家古阵10194186陆游-陆郎,,
無用青年,231楼,2022-02-26 13:20,服务器：天山雪谷ID：104029411.陆游——沈追忆2.唐婉——园相思3.完颜亮——金元功4.完颜雍——金乌禄5.萧摩诃——陈雄6.高长恭——齐萧,天山雪谷,10402941
汉家小萌,233楼,2022-02-26 13:29,无名幻境11022857橙凤陆游–陆放翁唐婉–糖丸（我习惯打这个了，刚好以后水群我也不用改）完颜亮–完颜良完颜雍–完颜庸萧摩诃–萧莫氪高长恭–高常攻,,
魑魅魍魉,235楼,2022-02-26 13:37,,,
真萌新123,237楼,2022-02-26 13:45,无名幻境105506071.陆游——陆莜2.唐婉——唐宛3.完颜亮——完颜量4.完颜雍——完颜壅5.萧摩诃——萧摩何6.高长恭——高长功,,
仁者-,238楼,2022-02-26 13:48,明月楼101082231.陆游——陆遊2.唐婉——唐宛3.完颜亮——完颜明4.完颜雍——完颜庸5.萧摩诃——萧莫6.高长恭——高长共,,
Adulltime,239楼,2022-02-26 13:52,苗疆密林10507241唐婉-糖婉,,
水三人,240楼,2022-02-26 13:53,服务器：苗疆密林id：105965761.陆游-陆方文2.唐婉-棠婉3.完颜亮-完颜正元4.完颜雍-完颜禄5.萧摩诃-萧镇诃6.高长恭-高笑凌,苗疆密林,10596576
喵呜喵,241楼,2022-02-26 14:40,墨家古阵10738969─=≡Σ1.陆游-路游2.唐婉-唐绾3.完颜亮-完颜明4.完颜雍-完颜庸5.萧摩诃-萨摩耶6.高长恭-高常恭,,
牵默,242楼,2022-02-26 14:43,苗疆密林10705378陆游---陆郎唐婉---婉儿完颜亮---完颜明完颜雍---完颜庸萧摩诃---魔珂高长恭---兰陵王,,
丨❛‿˂̵✧,243楼,2022-02-26 15:03,服务器：无名幻境ID：11164069陆游——陆少英唐婉——唐亦兰完颜亮——完颜烈完颜雍——完颜基萧摩诃——萧飞鹰高长恭——高谦明,无名幻境,11164069
东方荀彧,244楼,2022-02-26 15:14,墨家古镇105581481.陆游——陆诀2.唐婉——唐苑3.完颜亮——完颜洪4.完颜雍——完颜明5.萧摩诃——萧默珂6.高长恭——高梦颜,,
丿荒灬夜,245楼,2022-02-26 15:26,服务器：无名幻境ID：11292563陆游——陆少游，或者陆务观。理由：陆游，字务观，其名出自列子•仲尼“务外游，不知务内观”，意为列子只知道欣赏外物的万千变化，却不知道自身也在不停地变化之中；只知道欣赏外物的绚丽多彩，却不知道欣赏自己的内心世界。故少游和务观同义，皆要求人要不假外物，自省内观，而这样的人才能怀北伐之志，担北伐之任，符合游戏剧情。唐婉——唐绾倾，绾，是盘绕，系结的意思，这里谐音“绾青丝”，意指美好曼妙的女性；同时，绾可解释为系念，挂念，搭配“倾”字，意指对陆郎的倾慕爱念。这个名字表达了对陆游唐婉这对佳人的美好祝愿。高长恭——高楚渊；楚渊，可意为“处渊”，暗止兰陵王在官场之上，纵有才华，也要以面具遮面，如临深渊，毕竟历史上兰陵王便是功高盖主被赐鸩酒而死；另楚作形容词，有痛楚的意思，也有衣冠楚楚的意思，表现了兰陵王一个复杂的人设，而渊，同“鸢”，意指鹰击长空，也是为了描写兰陵王的天纵才华与雄心壮志萧摩柯——萧元胤。理由：萧摩柯，字元胤完颜亮——完颜明完颜雍——完颜碌,无名幻境,11292563
何当归,246楼,2022-02-26 15:31,服务器：洞庭月夜ID：101119121.陆游——陆观2.唐婉——唐菀3.完颜亮——完颜明4.完颜雍——完颜禄5.萧摩诃——萧烈6.高长恭——高倏隐,洞庭月夜,10111912
起个名字随意,248楼,2022-02-26 15:44,无名幻境113405351.陆游——陆悠2.唐婉——唐绾3.完颜亮——完颜良4.完颜雍——完颜勇5.萧摩诃——萧莫科6.高长恭——高长虹,,
适之,250楼,2022-02-26 16:16,服务器：天津晓月lD:101149391.陆游——陆务观2.唐婉——唐琬3.完颜亮——完颜明4.完颜雍——完颜庸5.萧摩诃——萧战6.高长恭——高短恭,天津晓月,
九霄是绅士,251楼,2022-02-26 16:21,1.陆游——路游2.唐婉——唐娟3.完颜亮——完颜明4.完颜雍——完颜庸5.萧摩诃——萧无量6.高长恭——高齐,,
第二刀妹,255楼,2022-02-26 18:57,服务器：天山雪谷id：10464106陆游——陆櫌唐婉——唐輓完颜亮——完颜駺完颜雍——完颜饔萧摩诃——萧默爀高长恭——高娼公,天山雪谷,10464106
寻夜酱,256楼,2022-02-26 19:21,萧摩诃—-萧炎,,
歌尽桃花,257楼,2022-02-26 20:24,服务器：天山雪谷ID：104094621.陆游——陆梦观2.唐婉——唐婉清3.完颜亮——完颜朗4.完颜雍——完颜熙5.萧摩诃——萧无量6.高长恭——高兰陵,天山雪谷,10409462
小熊喵,258楼,2022-02-26 21:11,无名幻境ID:11204280陆游——陆志庸唐婉——唐姊薇完颜亮——端木枰楠完颜雍——端木伍攸萧摩诃——萧镇涛高长恭——高鉴,,11204280
小熊喵,259楼,2022-02-26 21:21,无名幻境ID：11204280,,11204280
逆天kdsw,262楼,2022-02-26 22:21,无名幻境104980061.陆游—陆忧2.唐婉—唐莞3.完颜亮—完颜明4.萧摩诃—萧墨郃5.完颜雍—完颜邕6.高长恭—高常恭,,
叶落长安,264楼,2022-02-26 22:53,墨家古阵10560442陆游---陆祐唐婉---唐菀完颜亮---完颜谅完颜雍---完颜庸萧摩诃---萧摩纥高长恭---高昶功,,
瞋目二狗,268楼,2022-02-26 23:23,服务器：天津晓月ID：104375281.陆游——陆洐2.唐婉——唐珏3.完颜亮——完颜明4.完颜雍——完颜禄5.萧摩诃——萧诃胤6.高长恭——高长凛,天津晓月,10437528
贴吧用户_Q5339tW,270楼,2022-02-26 23:55,服务器：水月山庄UD：12551911.陆游——陆征（字靖远）2.唐婉——唐随（字饶思）3.完颜亮——完颜明4.完颜雍——完颜胜5.萧摩诃——萧统,水月山庄,
徐来清风,271楼,2022-02-26 23:58,服务器：墨家古阵id：10583028陆游——路由器唐婉——糖宛完颜亮——完颜靓完颜雍——完颜啊谷朵萧摩柯——萧十一郎高长恭——高沐雪,墨家古阵,10583028
徐来清风,272楼,2022-02-27 00:01,服务器：木兰山中id：10329028陆游——路由器唐婉——糖宛完颜亮——完颜靓完颜雍——完颜啊谷朵萧摩柯——萧十一郎高长恭——高沐雪,木兰山中,10329028
徐来清风,273楼,2022-02-27 00:02,服务器：木兰山中id：10332779陆游——路由器唐婉——糖宛完颜亮——完颜靓完颜雍——完颜啊谷朵萧摩柯——萧十一郎高长恭——高沐雪,木兰山中,10332779
徐来清风,274楼,2022-02-27 00:03,服务器：木兰山中id：10355478陆游——路由器唐婉——糖宛完颜亮——完颜靓完颜雍——完颜啊谷朵萧摩柯——萧十一郎高长恭——高沐雪,木兰山中,10355478
徐来清风,275楼,2022-02-27 00:04,服务器：木兰山中id：10355496陆游——路由器唐婉——糖宛完颜亮——完颜靓完颜雍——完颜啊谷朵萧摩柯——萧十一郎高长恭——高沐雪,木兰山中,10355496
徐来清风,276楼,2022-02-27 00:07,服务器：无名幻境id：10621973陆游——路由器唐婉——糖宛完颜亮——完颜靓完颜雍——完颜啊谷朵萧摩柯——萧十一郎高长恭——高沐雪,无名幻境,10621973
巴黎巴黎,277楼,2022-02-27 00:10,服务器：苗疆密林ID：10845147陆游——陆由唐婉——唐缘完颜亮——赵亮完颜雍——赵雍萧摩柯——萧讷高长恭——兰零,苗疆密林,10845147
要不要算,278楼,2022-02-27 01:09,陆游—陆务观唐婉—唐婉儿高长恭—兰陵王完颜亮—完颜元功完颜雍—完颜乌禄角色ID：10158637服务器名：无名幻境,名无名幻境,10158637
wdpwj123,279楼,2022-02-27 07:52,服务器：明月楼ID:10011956陆游-陆柒捌唐婉-唐糖高长恭-高待厕完颜亮-张亮完颜雍-张雍,明月楼,10011956
你若安好,280楼,2022-02-27 08:40,洞庭月夜10042505天将雨陆游——陆婉唐婉——唐游完颜亮——完颜明完颜雍——完颜庸萧摩诃——萧无量高长恭——高都督,,
点道为止,281楼,2022-02-27 11:14,服务器：龙泉剑庐ID：103568451.陆游——陆靖2.唐婉——唐蓉3.完颜亮——完颜光4.完颜雍——完颜禄5.萧摩诃——萧元胤6.高长恭——高子陵,龙泉剑庐,10356845
云灏川,283楼,2022-02-27 12:11,苗疆密林苗疆密林10589495陆游——陆放翁唐婉——唐蕙仙完颜亮——完颜达完颜雍——完颜瑞萧摩诃——萧阵山高长恭——高礼贡,,
贴吧用户_Q5339tW,285楼,2022-02-27 12:41,服务器：水月山庄ID：12551911.陆游——陆征（字靖远）2.唐婉——唐随（字饶思）3.完颜亮——完颜明4.完颜雍——完颜胜5.萧摩诃——萧统6.高长恭——高游,水月山庄,1255191
念所不及,286楼,2022-02-27 12:42,服务器:苗疆密林ID:105245841.陆游——陆务观2.唐婉——唐蕙仙3.完颜亮——完颜迪古乃4.完颜雍——完颜乌禄5.萧摩诃——萧元胤6.高长恭——高肃/高孝瓘,苗疆密林,10524584
日,287楼,2022-02-27 13:01,苗疆密林10882071伊本哈桑1.陆游——陆斿2.唐婉——唐宛3.完颜亮——完颜康4.完颜雍——完颜过5.萧摩诃——萧峰6.高长恭——高进,,
司南,288楼,2022-02-27 13:47,离忧谷10023152陆游:陆汸唐婉:唐玘,,
卖萌的比利亚,289楼,2022-02-27 14:05,天山雪谷,,
1620058790,291楼,2022-02-27 15:53,为啥名称要调整？同王者农药？,,
1620058790,292楼,2022-02-27 15:55,萧摩诃（532年－604年），字元胤,,
无血科沃斯,293楼,2022-02-27 16:39,服务器：苗疆密林ID：107707371.陆游——陆由2.唐婉——唐莞3.完颜亮——完颜明4.完颜雍——完颜正5.萧摩柯——萧战6.高长恭——高常公,苗疆密林,10770737
文能舞刀,294楼,2022-02-27 17:32,服务器：苗疆密林id：10905172陆游——路游唐婉——糖婉完颜亮——完颜靓完颜雍——完颜壅萧摩柯——萧墨客高长恭——高常珙,苗疆密林,10905172
风灵玉秀,295楼,2022-02-27 18:03,陆子，唐子，完颜一，完颜二，萧子，高子,,
君子咕咕,296楼,2022-02-27 18:08,明月楼10148088霁雪1.陆游——陆斿2.唐婉——唐宛3.完颜亮——完颜康4.完颜雍——完颜过5.萧摩诃——萧峰6.高长恭——高进,,
amhd,297楼,2022-02-27 18:42,离忧谷10515533陆游——陆放翁唐婉——唐菀完颜亮——完颜明完颜雍——完颜禄萧摩诃——萧秀容高长恭——兰陵王,,
獨菰九劍,299楼,2022-02-27 19:03,服务器：无名幻境ID：10516060陆游—陆放唐婉—唐婉完颜亮—完颜明完颜雍—完颜墉萧摩柯—萧战高长恭—高恭长,无名幻境,10516060
雨mess,300楼,2022-02-27 19:15,离忧谷102021581、陆游——陆悠2、唐婉——唐绾3、完颜亮——完颜椋4、完颜雍——完颜邕5、萧摩柯——萧烈6、高长恭——高行,,
大耳朵小狼,302楼,2022-02-27 19:25,大山，小美，二狗子，翠花，卡了迷，大壮，金发妹，金发女，大漂亮，千条妹，金姐，大强子，大李薇薇，达不溜，随便选，萧摩柯就叫佛波勒好了,,
凌渊尘,303楼,2022-02-27 22:06,苗疆密林10522541蓑雨陆游——陆鸿唐婉——唐涟完颜亮——完颜炽完颜雍——完颜荣萧摩柯——萧墨高长恭——高檀,,
有趣mmp,305楼,2022-02-27 22:24,天津晓月10436746大雪山龙王陆游—陆婉唐婉—唐游高长恭—高摩柯萧摩柯—萧长工,,
神久秋風岚,306楼,2022-02-27 23:38,苗疆密林10844032陆游——陆尽帆唐婉——唐清婵（潺）完颜亮——完颜斡徵完颜雍——完颜斡盛萧摩柯——萧戮高长恭——高慕永（庸）,,
你丫的白度,307楼,2022-02-28 02:10,服务器：无名幻境ID:113372881.陆游——陆远2.唐婉——唐薇3.完颜亮——完颜瑜4.完颜雍——完颜凉5.萧摩柯——萧无极6.高长恭——高长陵,无名幻境,11337288
张凯枫,308楼,2022-02-28 03:10,…我都卸载了，不关我事我就回来看看还有没其他游戏,,
为谁剑拔弩张,309楼,2022-02-28 09:22,服务器；天山雪谷Id:10086654陆游—陆由唐婉—唐菀完颜亮—完颜靓完颜雍—完颜庸萧摩柯—萧摩科高长恭—高长工,；天山雪谷,
Balsa,310楼,2022-02-28 09:47,服务器：天津晓月ID：102050261.陆游——陆延2.唐婉——唐琬3.完颜亮——完颜信4.完颜雍——完颜睦5.萧摩诃——萧胤伽6.高长恭——高孝璋,天津晓月,10205026
牧笙灬,312楼,2022-02-28 10:51,天山雪谷10708511道寻常说实话，这些人里面除了狗夫妻算一队，高长恭算半个，其他几个人真的存在感不高。但是这些人物在汉家之所以出彩就是因为其历史形象和游戏形象的重叠让我觉得牛逼。所以常规改怎么改我都觉得出戏。陆游——路务观唐婉——唐蕙仙完颜雍——完颜褎完颜亮——完颜元功萧摩诃——萧摩元胤高长恭——高孝瓘万一审核的没文化，不会百度百科那不就过关了么。这样改只是对喜欢历史人物的玩家来说不会太出戏。,,
卜晓得,314楼,2022-02-28 12:33,服务器：墨家古阵lD:10466118陆游-陆仙人唐婉-唐璐完颜亮-完阳华完颜雍-完恒铁萧摩诃-萧楚狂高长恭-高锦鲤,墨家古阵,
skipper97,315楼,2022-02-28 12:35,服务器:苗疆密林ID:10562063陆游-陆方文唐婉-苑棠萧摩诃-元胤高长恭-高肃之,苗疆密林,10562063
Prolietariat,316楼,2022-02-28 14:07,服务器:木兰山中ID:10209760陆游——陆务观唐婉——唐菀完颜亮——完颜曌完颜雍——完颜隆萧摩诃——萧胤高长恭——高肃,木兰山中,10209760
梦之境,317楼,2022-02-28 16:08,,,
梦之境,318楼,2022-02-28 17:52,服务器:无名幻境ID:101195331.陆游——陆流2.唐婉——唐嫣3.完颜亮——完颜灭4.完颜雍——完颜睦5.萧摩柯——萧绝6.高长恭——高长宏,无名幻境,10119533
梦之境,319楼,2022-02-28 17:54,服务器:无名幻境ID:101195331.陆游——陆流2.唐婉——唐嫣3.完颜亮——完颜灭4.完颜雍——完颜睦5.萧摩柯——萧绝6.高长恭——高长宏,无名幻境,10119533
红袖添香TnT,321楼,2022-02-28 19:34,是这些人的后代告了松鼠吗,,
阿渡鸦,322楼,2022-02-28 20:56,服务器：无名幻境ID：112789231.陆游——陆长安2.唐婉——唐洛阳,无名幻境,11278923
贴吧用户_QQ6M764,323楼,2022-02-28 23:22,服务器：天山雪谷id:108003761.陆游——陆游器2.唐婉——糖苑3.完颜亮——完颜基儿4.完颜雍——完颜戳5.萧摩柯——萧色6.高长恭——高手,天山雪谷,10800376
小,324楼,2022-03-01 00:19,墨家古阵Id：10370518陆游—陆由完颜亮—完颜靓完颜雍—完颜庸萧摩柯—萧摩科高长恭—高长工,,
青青小小-筱,327楼,2022-03-01 13:19,服务器：苗疆密林ID：106893041.陆游——陆鸿翊2.唐婉——唐嫣、唐忆仙、唐柔、唐代欢3.完颜亮——完颜明4.完颜雍——完颜禛5.萧摩诃——萧胤6.高长恭——高靖之,苗疆密林,10689304
离笙夢故月,328楼,2022-03-01 13:46,服务器：洞庭月夜ID：101208221.陆游——陆惊鸿/陆审源2.唐婉——唐挽初3.完颜亮——完颜良4.完颜雍——完颜庸5.萧摩诃——萧陌壑6.高长恭——高景行,洞庭月夜,10120822
Mmmori,329楼,2022-03-01 17:42,服务器：苗疆密林ID:10559556陆游-陆神唐婉-唐仙,苗疆密林,10559556
一年刷一图,330楼,2022-03-02 01:37,什么原因呢,,
想蹲起子,331楼,2022-03-02 07:03,服务器：明月楼lD:10000061倚天陆游-陆卜知唐婉-唐蝶完颜亮-完颜志完颜雍-完颜玺萧摩诃-萧沙棘高长恭-高鸿瑞,明月楼,
情弱灬,332楼,2022-03-02 09:07,苗疆密林103719401.陆游-路游2.唐婉-唐丸3.完颜亮-完颜明4.完颜雍-完颜庸5.萧摩诃-萨摩耶6.高长恭-高常恭,,
爷傲奈我何,335楼,2022-03-02 20:01,天山雪谷10600974风清扬．陆游-陆渊唐婉-唐绾完颜亮-完颜峰完颜雍-完颜鸿萧摩诃-萧漠高长恭-高长卿,,
爷傲奈我何,336楼,2022-03-02 20:04,天山雪谷10724363逍遥王破陆游-陆万森唐婉-唐北星完颜亮-完颜青完颜雍-完颜红萧摩诃-萧参高长恭-高长荒,,
爷傲奈我何,337楼,2022-03-02 20:09,天山雪谷10741640春风不语陆游-陆沉唐婉-唐绾完颜亮-完颜安完颜雍-完颜姚萧摩诃-萧余斗高长恭-高少安,,
爷傲奈我何,338楼,2022-03-02 20:09,天山雪谷10748715汉家吴霜降陆游-陆渊唐婉-唐绾完颜亮-完颜峰完颜雍-完颜鸿萧摩诃-萧漠高长恭-高长卿,,
爷傲奈我何,339楼,2022-03-02 20:11,天山雪谷10730473青山景阳。陆游-陆渊唐婉-唐绾完颜亮-完颜峰完颜雍-完颜鸿萧摩诃-萧漠高长恭-高长卿,,
无聊看论坛,341楼,2022-03-02 21:17,天津晓月10116587陆游——陆岁寒唐婉——唐玉妆完颜亮——孙亮完颜雍——李庸萧摩诃——萧峻阳高长恭——高祈,,
来看看的魔法师,342楼,2022-03-02 21:19,龙泉剑庐10121645陆游——陆岁寒唐婉——唐玉妆完颜亮——孙亮完颜雍——李庸萧摩诃——萧峻阳高长恭——高祈,,
菜猫鱼,344楼,2022-03-03 01:56,服务器:明月楼ID:100531191.陆游－陆乘月2.唐婉－唐素娥3.完颜亮－完颜光4.完颜雍－完颜怡5.萧摩诃－萧无量6.高长恭－高少安,明月楼ID100531191.陆游－陆乘月2.唐婉－唐素娥3.完颜亮－完颜光4.完颜雍－完颜怡5.萧摩诃－萧无量6.高长恭－高少安,服务器明月楼100531191.陆游－陆乘月2.唐婉－唐素娥3.完颜亮－完颜光4.完颜雍－完颜怡5.萧摩诃－萧无量6.高长恭－高少安
大头😋,346楼,2022-03-03 13:00,服务器名：明月楼ID：10140554唐婉-糖丸陆游-路由,名明月楼,10140554
最小楼,347楼,2022-03-03 13:10,服务器：墨家古阵ID：10654137小小梧桐1.陆游——陆观2.唐婉——唐菀3.完颜亮——完颜明4.完颜雍——完颜禄5.萧摩诃——萧烈6.高长恭——高倏隐,墨家古阵,
喵了个咪812,348楼,2022-03-04 09:05,服务器：离忧谷ID：10380818陆游——陆佑唐婉——唐菀完颜亮——完颜明完颜雍——完颜勇萧摩诃——萧伯纳高长恭——高久禅,离忧谷,10380818
画中人,351楼,2022-03-04 21:03,天山雪谷10642167宁芷云陆游——陆翰群唐婉——唐静婉完颜亮——完颜光完颜雍——完颜壅萧摩诃——萧镇南高长恭——高泽瑜,,
贴吧用户_Q5339tW,352楼,2022-03-07 17:04,服务器：水月山庄ID：12551911.陆游——陆征字靖远2.唐婉——唐随字饶思3.完颜亮——完颜明4.完颜雍——完颜胜5.萧摩诃——萧统6.高长恭——高游,水月山庄,1255191
十安的宝藏,354楼,2022-03-10 20:43,公布了吗,,
牛皮羊皮虎皮,355楼,2022-09-01 23:42,服务器：无名幻境id：10878924陆游——方子昭唐婉——林宛营完颜亮——王夺天完颜雍——王夺地萧摩柯——何坤高长恭——于禄,无名幻境,10878924
素年锦时,356楼,2022-09-02 09:37,服务器：离忧谷ID：离忧谷10129116【图片】>>>活动简介首先要跟大侠们道个歉，松鼠需要在资料片上线时对陆游、唐婉、完颜亮、完颜雍、萧摩诃和高长恭六名角色的名称进行调整。这些角色陪伴了《汉家江湖m》多年，相信不少大侠也已经对他们有了感情。因此松鼠决定把改名的机会交给各位大侠，希望多少能弥补一些遗憾！正所谓三个汉家智叟，赛过诸葛亮！参与活动给出建议，就能获得100元宝哦！>>>活动时间回复时间：即日起至2022年3月4日23:59结果公布时间：2022年3月10日>>>参与方式请在本帖内留言您想取的侠客名字参与示例服务器：苗疆密林ID：100101101.陆游——陆不悔2.唐婉——唐恬3.完颜亮——完颜隆4.完颜雍——完颜珂5.萧摩诃——萧尘6.高长恭——高林石,苗疆密林,10010110
(^～^) ,357楼,2022-09-02 10:41,也就🕰️国屁事多,,
月月轻松,358楼,2022-09-02 17:34,服务器:桃花坞ID:101339281.陆游——陆惊鸿2.唐婉——唐照影3.完颜亮——始无暗4.完颜雍——始无猥5.萧摩诃——摩无量6.高长恭——矮短傲(ps:12出自曾是惊鸿照影来5出自摩诃无量456出自反义其中颜无反义用无代替了还有那个雍字估计在名字里代表雍容遂用猥琐一词中猥字),桃花坞,10133928
秋亦晚丶,359楼,2022-09-04 00:36,天津晓月10090153秋亦晚陆惊鸿，唐钗凤，两个完颜随便吧，萧长宰，高长恭太绝了改不来了,,
