用户名,楼层,回复内容,回复时间,服务器,角色id
光辉岁月,4,"挺好的啊，改名干啥。。

一定要改的话：
陆游→唐婉
唐婉→陆游",2022-02-25 21:25:20,,
吴寄子,21,"服务器:木兰山中
ID:10345063
角色名:晏惊春

陆游-陆方文 
取放翁谐音，亦为放拆字，体现其为人端方的文人形象。 
唐婉-苑棠 
取宛字一部，将名字倒过来，防止太过明显。 
萧摩诃-（萧）元胤 
元胤为其字，当然元也可作为北朝人姓氏。 
高长恭-高肃之 
高肃为其本名，长恭本为其字。加个之字凑数。另外肃字又与剧情中其玩世不恭的跳脱形象形成对比。 
两个完颜老儿则完全没有让人起名的欲望……

我个人的理解是，首当其冲的这几位是与主线有过多牵扯，或是对外宣发的侠客形象。陆游作为剧情中的东灵剑主，在其他几位都是原创侠客，或是后续他会有汉家世界观下与历史不同的剧情的情况下，唐突遭改动也并不是难以接受的事。。。希望最后能得到一个玩家相对满意的结果吧。",2022-02-25 22:00:24,木兰山中,10345063
白雪公猪,62,"难得看自己id了。
建议换名不要给原来的侠客换姓，用谐音，也使得老玩家能知道这个侠客指谁（特别是弃坑回坑的玩家），例如：
陆鼬
唐绾
完颜晾
完颜镛
萧摩氪
高长弓
",2022-02-25 23:25:36,,
今夕何夕,16,"服务器：天山雪谷
id:10716674
1.陆游——陆务（取自陆游字务观）
2.唐婉——唐蕙（取自唐婉字蕙仙）
3.完颜亮——完颜功（取自完颜亮字元功）
4.完颜雍——完颜宗（取自本身是金世宗）
5.萧摩诃——萧元（取自萧摩诃字元胤）
6.高长恭——高孝陵（取自族名以及兰陵王）",2022-02-25 21:55:01,天山雪谷,
宿悸,26,"服务器:苗疆密林
ID:10677360

萧摩柯–––萧漠河
知道那个字念ke啦不过这样好避嫌，漠是因为武学是大漠一指用自己的名字起武学名很合理
高长恭–––高肃齐 
本名高肃 北齐宗室",2022-02-25 22:17:21,苗疆密林,10677360
Catchope,54,"服务器: 墨家古阵
ID:10196409
1.陆游——陆寻知
2.唐婉——唐盼音
3.完颜亮——完颜缺
4.完颜雍——完颜逝明
5.萧摩诃——萧凌空
6.高长恭——高败",2022-02-25 23:01:05,墨家古阵,10196409
Zeus,196,"墨家古阵
id:10770207
1.陆游——陆郎or陆翁
2.唐婉——唐琬
3.完颜亮——完颜谅
4.完颜雍——完颜庸
5.萧摩诃——萧摩抲
6.高长恭——高常恭",2022-03-02 14:38:52,,
网络潜渊者,125,"服务器：无名幻境
ID：11292563

陆游——陆少游，或者陆务观。理由：陆游，字务观，其名出自列子•仲尼“务外游，不知务内观”，意为列子只知道欣赏外物的万千变化，却不知道自身也在不停地变化之中；只知道欣赏外物的绚丽多彩，却不知道欣赏自己的内心世界。故少游和务观同义，皆要求人要不假外物，自省内观，而这样的人才能怀北伐之志，担北伐之任，符合游戏剧情。

唐婉——唐绾倾，绾，是盘绕，系结的意思，这里谐音“绾青丝”，意指美好曼妙的女性；同时，绾可解释为系念，挂念，搭配“倾”字，意指对陆郎的倾慕爱念。这个名字表达了对陆游唐婉这对佳人的美好祝愿。

高长恭——高楚渊；楚渊，可意为“处渊”，暗止兰陵王在官场之上，纵有才华，也要以面具遮面，如临深渊，毕竟历史上兰陵王便是功高盖主被赐鸩酒而死；另楚作形容词，有痛楚的意思，也有衣冠楚楚的意思，表现了兰陵王一个复杂的人设，而渊，同“鸢”，意指鹰击长空，也是为了描写兰陵王的天纵才华与雄心壮志

萧摩柯——萧元胤。理由：萧摩柯，字元胤

完颜亮——完颜明

完颜雍——完颜碌


",2022-02-26 15:28:33,无名幻境,11292563
麒麟墨者,76,"我不要奖励，因为我觉得真没必要改，要求给这些人改名的家伙真的是闲得蛋疼。
但是松鼠改的原因可能比较复杂，所以我闭嘴，尊重所有人的意见。
1.陆游——陆川
源于，希望陆游前辈来世能一马平川，与爱人共游天下锦绣山河，这一美好愿景。
2.唐婉——唐萍
萍，可联系郭靖之母“李萍”，萍字的象征有漂泊离散，命数不定，饱受风波坎坷之意。取“萍”字不仅暗合两人的爱情遭遇，更与唐婉剧情中一再退让，逆来顺受，沉静温婉的性格相应。
3.完颜亮——完颜烈
爱叫啥叫啥，没人关心。
4.完颜雍——完颜华
同上，又不能当后宫，谁关心他叫啥。
5.萧摩诃——萧墨
既然他以前是黑衣教的，入我黑衣，终身为墨，上辈子逃掉的，这辈子咱重新给他刷上。
6.高长恭——高誉
最随便的，可以把段誉直接拉过来融了。
原剧情本来就已经很二了，现在还要给这位二哈改个名字，好！如果还是不入队，改名后就早点入土吧兄弟 doge。",2022-02-26 01:52:42,,
安屠生,182,"墨家古阵
10493695
1. 陆游——陆太极
2. 唐婉——唐挡刀
3. 完颜亮——完颜弟
4. 完颜雍——完颜弟弟
5. 萧摩诃——萧弟弟
6. 高长恭——高弟弟
",2022-02-28 16:10:15,,
梦里锁千秋,61,"服务器:天津晓月
ID:10439511
陆游——陆复。夜阑卧听风吹雨，铁马冰河入梦来。山河破碎，故国未还，我之心愿何时复？
唐婉——唐兮。有一美人兮，婉兮清扬。
萧摩诃——萧无量。摩诃一般为佛门名词，取无量以代之，意为摩诃无量。
高长恭——高陵。取其兰陵王名号之意。",2022-02-25 23:24:08,天津晓月,10439511
星空大南山疯清扬,30,"服务器：天山雪谷
10640211
南山拓海
1. 陆游——陆大海
2. 唐婉——唐小溪
3. 完颜亮——完颜凉
4. 完颜雍——完颜绿
5. 萧摩诃——萧虎尤
6. 高长恭——高短恭
",2022-02-25 22:18:19,天山雪谷,
卓憬,56,"苗疆密林
10505691

1.陆游——陆犹（犹豫的犹）
2.唐婉——唐惋（惋惜的惋）
3.完颜亮——完颜谅
4.完颜雍——完颜镛
5.箫摩诃——箫漠河
6.高长恭——高常恭

ps，李白王维苏轼：？？？",2022-02-25 23:04:11,,
简策,132,为啥要改啊…这里面不是有很多历史人物吗,2022-02-26 20:15:54,,
华山底层弟子·送货郎,35,"明月楼
10144461
陆游→送货郎
唐婉→送分郎[tapemoji=40][/tapemoji]
",2022-02-25 22:25:47,,
青衫酒,59,"服务器：墨家古阵
iD: 10033954
1. 陆游——陆放
2. 唐婉——唐蕙
3. 完颜亮——完颜热
4. 完颜雍——完颜凉
5. 萧摩诃——萧炎
6. 高长恭——高晓松",2022-02-25 23:19:36,墨家古阵,
不想凉凉啊,39,"服务器：天山雪谷

ID：[url=tel:10927326]10927326[/url]

1.陆游--陆书莫（山盟虽在，锦书难托。莫莫莫。）

2.唐婉--棠陌春（城南小陌又逢春，只见梅花不见人）

5.萧摩诃--萧业修（前世摩诃无量，今生修业果报）",2022-02-25 22:31:00,天山雪谷,[url=tel10927326]10927326[/url]
空吗温油,178,"苗疆密林
10443905
靳颢
1.陆游—陆南唐（《南唐书》是陆游文学巅峰非诗词）；陆中兴（中兴四大诗人之一）；陆宝章（官职宝章阁待制）
2.唐婉—唐花易（雨送黄昏花易落）；唐笺语（欲笺心事，独语斜阑）；唐寒珊（角声寒，夜阑珊）ps：诗词皆出自唐琬的《钗头凤•世情薄》
3.完颜亮—完颜海陵（谥号海陵炀王）；完颜天德，完颜正隆（完颜亮的两个年号）
4.完颜雍—完颜光天（谥号光天兴运文德武功圣明仁孝皇帝）；完颜世宗（庙号世宗）；完颜大定（年号大定）
5.萧摩柯—萧廉平，萧绥建（爵位廉平县候，绥建郡公），萧南徐（职位南徐州刺史）
6.高长恭：高兰陵（爵位兰陵王）；高黄钺（追赠假黄钺）；高忠武（谥号忠武）",2022-02-28 11:49:29,,
重逢,2,"龙泉剑庐
10353505
陆游→堕阳
唐婉→月微斜
嘿嘿，那就让我成为游戏npc吧",2022-02-25 21:21:22,,
海神与明月,77,"服务器:苗疆密林
ID:10873835
1陆游--陆庵翁/安翁
  取自《老学庵笔记》与《放翁词》
2唐婉--唐徽仙/会仙
  唐婉，又名琬，字蕙仙
3完颜亮--金士君
  完颜后代姓苏、颜、符、汪、金等汉姓
  1149年完颜亮弑君篡位
4完颜雍--金邀玉
  完颜后代姓苏、颜、符、汪、金等汉姓
  完颜雍别名小尧舜
5萧摩诃--萧乾涧
  轶事典故千闻不如一见
6高长恭--高溯麟
  兰陵王高长恭本名高肃
[tapemoji=26][/tapemoji]
",2022-02-26 02:01:44,苗疆密林,10873835
手机用户56272400,191,"服务器：明月楼
ID：10121194

1. 陆游——陆观（字务观）
2. 唐婉——唐蕙（字蕙仙）
3. 完颜亮——完颜功（字元功）
4. 完颜雍——完颜禄（本名完颜乌禄）
5. 萧摩诃——萧莫（音近摩、墨）
6. 高长恭——高陵（兰陵王）

均取一字之名，符合多数古人取名原则，也为读起来简洁。
",2022-03-01 22:55:16,明月楼,10121194
朴实无华🇨🇳,6,萧摩诃→萧炎。。开玩笑的，其实把姓去了不就行了，名字俩字的可以省字，比如陆游→陆放,2022-02-25 21:29:42,,
Mark,9,所以2.0的进度到底咋样了，别怪没提醒，已经一个月没动静了，小心又被爆破,2022-02-25 21:42:30,,
宴平乐,23,"萧摩柯–沙摩柯，铁蒺藜骨朵，威震慑敌

",2022-02-25 22:08:36,,
负负面情绪,28,"无名幻境
10550384
桃花无名
陆游改路遥
唐婉改糖丸",2022-02-25 22:18:06,,
蘑菇头库拉,37,"服务器：苗疆密林
ID：10388008
唐婉——李婉
我记得陆游把唐婉叫做婉妹来着，所以把婉字保留下来蛮不错的，即使之后游戏里改名了他们之间的称呼也不会变。个人感觉改名应该比改姓的接受度高一些吧...不过唐婉可以把姓改成和母亲一样，这样接受度应该能稍微高一些。
其他名字改的都没大佬们改的好听，就不写了~
[tapemoji=31][/tapemoji][tapemoji=31][/tapemoji]",2022-02-25 22:29:34,苗疆密林,10388008
此何人哉,41,"无名幻境
10372403

1. 陆游——劫克
2. 唐婉——月司
3. 完颜亮——欧阳奈特
4. 完颜雍——欧阳陋波
5. 萧摩诃——萧炎尧
6. 高长恭——高拉分
",2022-02-25 22:35:46,,
秋宏,66,"不明白陆游唐婉还换啥名，剧情故事不都把这俩定型了吗换名反而没有那种历史沉重感。
如果以后全部历史人物都换名当我没说。",2022-02-25 23:37:39,,
玥离,79,"服务器：苗疆密林
ID: 10740119

陆游——陆忧之
唐婉——唐晚欣
完颜亮——完颜明
完颜雍——完颜河
萧摩柯——萧衍山
高长恭——高少陵

",2022-02-26 03:49:09,苗疆密林,10740119
爱模拟江湖,80,"天山雪谷
10363114
1.爱模拟江湖——爱模江",2022-02-26 05:03:41,,
枯荣,90,话说2.0打算咕到啥时候，模拟江湖也是，年前放了个宣传片又没消息了[tapemoji=16][/tapemoji],2022-02-26 10:08:16,,
Smile,93,"服务器：苗疆密林
ID：10905952
1. 陆游——陆忧
2. 唐婉——唐绾
3. 完颜亮——完颜宁
4. 完颜雍——完颜墉
5. 萧摩诃——萧鹄
6. 高长恭——高历申
",2022-02-26 10:34:53,苗疆密林,10905952
花即墨,96,"服务器：洞庭月夜

ID：10144708
1. 陆游——陆靖
2. 唐婉——唐蓉
这不刚好抗金？

3. 完颜亮——完颜庆
lsp了

4. 完颜雍——完颜民
5. 萧摩诃——萧远峰
6. 高长恭——高长宁


顺便建议ss搞个侠客自定义昵称功能…自己再改回来
",2022-02-26 11:28:09,洞庭月夜,10144708
屈宝宝的布娃娃,188,"服务器：洞庭月夜
ID：10120822
1.陆游——陆惊鸿/陆审源
2.唐婉——唐挽初
3.完颜亮——完颜良
4.完颜雍——完颜庸
5.萧摩诃——萧陌壑
6.高长恭——高景行
“惊鸿”取自《沈园二首》，“审源”谐音“沈园”；挽谐音婉，再加个初字比较有诗意；完颜良和完颜庸单纯谐音；萧陌壑谐音，陌壑两字比较有权谋之人的感觉；“高景行”取自“高山仰止，景行行止”",2022-03-01 17:48:52,洞庭月夜,10120822
七刃缘,207,"
服务器：天津晓月
ID：
10261572

1. 陆游——陆逍遥      
    我知道会不平凡，但所经历的
    没有什么不可以一笑而过
    
2. 唐婉——唐雨墨     
 我爱的是你，哪怕在风雨中，依然是你。
3. 完颜亮——云梦德  
    明事理以德服人
4. 完颜雍——云清平  
   平平淡淡真真切切
5. 萧摩诃——潇自在  
    他吗？也只能排在我后面。
   不试试怎么显示雄风
6. 高长恭——高书里  
   读书破万卷真理铭记心

",2022-03-03 22:50:09,天津晓月,
白先生,47,"明月楼
10150506
李纯阳
1.陆游——陆矢北
2.唐婉——唐筱
3.完颜亮——拓跋胥
3.完颜雍——拓跋阎
4.萧摩诃——邪去真
5.高长恭——涂殇云",2022-02-25 22:49:08,,
(　^ω^),91,"苗疆密林
10789235


陆游-陆向晚
向晚苍苍南北望，穷阴旅思两无边。对身处乱世如无根浮萍的苦闷无助，对祖国能够强盛统一的向往之心。“晚”也取“婉”谐音
唐婉-唐嘉然
寓意家国山河无恙，夫君平安无虞的期望
[tapemoji=31][/tapemoji] 编不下去了

",2022-02-26 10:15:03,,
不懂就不要懂了,109,为什么要改呀？[tapemoji=50][/tapemoji],2022-02-26 14:00:39,,
太坑不起名字了,5,要改成糖丸嘛[tapemoji=37][/tapemoji],2022-02-25 21:29:35,,
特工穿山乙,18,"苗疆密林
10840269
特工穿山乙
陆游—骆秋简
唐婉—斯内克[tapemoji=4][/tapemoji]

",2022-02-25 21:55:39,,
乂的战士,20,"服务器：苗疆密林ID：10776026
陆游-陆莜
唐婉-唐菀
",2022-02-25 21:58:20,苗疆密林ID10776026,服务器苗疆密林10776026
青禾,25,"服务器：天津晓月
ID: 10296625
1. 陆游——陆悠
2. 唐婉——唐莞
3. 完颜亮——完颜明
4. 完颜雍——完颜永
5. 萧摩诃——萧觊天
6. 高长恭——高昌鸿",2022-02-25 22:16:02,天津晓月,10296625
醉人痴,32,"服务器:天山雪谷
lD:10699207
陆游-陆游之
唐婉-唐婉儿
完颜亮-完颜暗
完颜雍-完颜顾
萧摩诃-萧冢宰
高长恭-高子敬",2022-02-25 22:20:31,天山雪谷,
千代,45,"龙泉剑庐
10360139
童承业
陆游-陆家
唐婉-唐柔",2022-02-25 22:38:46,,
平西策,58,"苗疆密林
10404529
1陆游：放翁居士/陆放翁
2唐婉：唐夫人/棠婉
3完颜亮：完颜明/石亮
4完颜雍：完颜凉/石雍
5萧摩柯：萧庭谅/萧陌羯
6高长恭：高兰陵/高天佑",2022-02-25 23:11:26,,
汉家小虾米,63,"服务器:无名幻境
ID:11293941
1. 陆游——徐凤年
2. 唐婉——姜泥
3. 完颜亮——轩辕大盘
4. 完颜雍——轩辕敬城
5. 萧摩诃——陈芝豹
6. 高长恭——南宫仆射
",2022-02-25 23:30:37,无名幻境,11293941
紫绿,65,"无名幻境
ID：11263974
1. 陆游——陆子岚
2. 唐婉——唐曦
3. 完颜亮——完颜箫
4. 完颜雍——完颜鸿
5. 萧摩诃——萧贺满
6. 高长恭——高瑞同
[tapemoji=31][/tapemoji]
",2022-02-25 23:37:38,,11263974
林自简,74,"服务器：苗疆密林
ID：10478353
1.陆游-陆如故
2.唐婉-唐初见
3.完颜亮-完颜放
4.完颜雍-完颜岳
5.萧摩诃-萧无量
6.高长恭-高岂恭",2022-02-26 00:12:42,苗疆密林,10478353
麒麟墨者,78,"我突然有个想法：
各位，
把咱们朋友或上司的名字做进汉家江湖
岂不美哉？！
比如：
陆四金，唐沉沉，
完颜GM，完颜溪云，
高子尹…
萧桃花！！
我真是个小天才！快夸我！",2022-02-26 02:47:26,,
Kunner辰,81,"服务器: 墨家古阵

ID: 10402991


角色名: 游鲲



1. 陆游——陆少游(干脆叫陆东灵得了，除了屈心，哪一把剑不跟剑主沾个字，无名剑除外)



2. 唐婉——唐琬 (女字变王字)


3. 完颜亮——完颜弘


4. 完颜雍——完颜禄(照抄 与雍相对的也就禄了)


5. 萧摩诃——萧灏 (摩柯 梵语 大)


6. 高长恭——高倏显 (为啥要隐呢 还是昙花一现吧)
",2022-02-26 05:24:35,墨家古阵,10402991
李尚往来,87,"苗疆密林
10413003
唐婉--唐寅
陆游--陆瑾
完颜亮--完颜正
完颜雍--完雍成
萧摩诃--萧志雄
高长恭--高清陵
",2022-02-26 09:42:48,,
枯荣,89,"服务器：龙泉剑庐
ID：10338256
1.陆游--陆永
2.唐婉--唐挽
3.完颜亮--完颜洪
4.完颜雍--完颜正
5.萧摩诃--萧摩恒
6.高长恭--兰陵王
[tapemoji=4][/tapemoji][tapemoji=4][/tapemoji][tapemoji=4][/tapemoji]
",2022-02-26 10:04:39,龙泉剑庐,10338256
Riven,94,"服务器: 明月楼
ID: 10151201
1.陆游——陆寻
2.唐婉——唐缘
3.完颜亮——完颜共
4.完颜雍——完颜明
5.萧摩诃——萧元山
6.高长恭——高长敬
",2022-02-26 10:43:39,明月楼,10151201
大魔王路西法,97,"服务器：苗疆密林
ID：10790994
1. 陆游——陆方文（名号谐音）
2. 唐婉——棠婉（姓谐音）
3. 完颜亮——完颜谅（谐音）
4. 完颜雍——完颜勇（谐音）
5. 萧摩诃——萧霸（灵感来源于风云雄霸天下，BOSS名字要霸气）
6. 高长恭——高长情（改动一个字，兰陵王给个风流的名字）
",2022-02-26 11:48:47,苗疆密林,10790994
Sakura,107,"天山雪谷
10953264
不吃鱼大侠
1.陆游-陆归
2.唐婉-唐惋
3.完颜亮-丸炎凉
4.完颜雍-丸炎痈
5.萧摩诃-枭魔客
6.高长恭-篙良恭",2022-02-26 13:49:05,,
白斩ji,139,"龙泉剑庐
10252915
羽✘

陆游—陆观
务外游，不知务内观
唐婉—糖丸
江湖的世界里希望夫妻甜甜蜜蜜吧
完颜亮—完颜洪亮
完颜臃—完颜洪烈
取着玩
萧摩诃—萧萨埵
更符合老萧的勇猛之意
高长恭—高肃",2022-02-26 23:04:52,,
亓官司寇,140,"天津晓月
10423516
亓官司寇
陆游-陆遊
唐婉-唐琬",2022-02-26 23:11:26,,
半瓶半瓶醋,163,"服务器：无名幻境
id：11154676
1. 陆游——陆白
2. 唐婉——唐嫖
3. 完颜亮——完珠
4. 完颜雍——完子
5. 萧摩诃——萧是
6. 高长恭——高也

",2022-02-27 14:26:45,无名幻境,
花似梦,165,"苗疆密林
10787756
西河娜雅
1. 陆游——陆放翁
2. 唐婉——唐莞儿
3. 完颜亮——完颜海陵
4. 完颜雍——完颜乌禄
5. 萧摩诃——萧元胤
6. 高长恭——高兰陵


",2022-02-27 15:14:13,,
亓官司寇,167,"曹植
甄宓
完颜阿骨打
完颜洪烈
萧无量
高长陵",2022-02-27 16:33:58,,
Deeeeeep,173,"苗疆密林
10844032
陆游——陆尽帆
唐婉——唐清婵（潺）
完颜亮——完颜斡徵
完颜雍——完颜斡盛
萧摩柯——萧戮
高长恭——高慕永（庸）",2022-02-27 23:42:45,,
Yi,176,"服务器：天津晓月
ID：10439968
1.陆游——陆一念
2.唐婉——唐雨晨
3.完颜亮——完颜明
4.完颜雍——完颜肃
5.萧摩诃——萧轲墨
6.高长恭——高逸",2022-02-28 09:15:46,天津晓月,10439968
转角,183,"服务器：天山雪谷
ID：10931967
1. 陆游——陆楠（唐婉钗头凤 难难难）
2. 唐婉——唐茉（陆游钗头凤 莫莫莫）
3. 完颜亮——完颜炀（谥号）
4. 完颜雍——完颜世（谥号）
5. 萧摩诃——萧玄（boss得霸气点）
6. 高长恭——高凌兰（兰陵王）
",2022-02-28 20:50:35,天山雪谷,10931967
又成虚度,187,"服务器：苗疆密林
ID：10319251
1.陆游：陆剑南
2.唐婉：唐南婉
3.完颜亮：完颜凉
4.完颜雍：完颜勇
5.萧摩诃：萧北
6.高长恭：高兰陵
   陆游的剑南诗稿是由来，剑南也符合侠和游戏南朝背景。
   唐婉，南婉，难挽，是陆游难以挽留唐婉的历史宿命。",2022-03-01 16:29:01,苗疆密林,10319251
稚嫩的晓牧狐王子4000型,195,"天山雪谷
id：10941573
陆游-陆飞（海陆空）
唐婉-唐蝶（碗碟）
完颜亮-完颜灭（熄灭）
完颜雍-完颜烈（不和谐）
萧摩诃-萧希那（小）
高长恭-高仲棋（长弓克重骑）

",2022-03-02 14:30:09,,
朴实无华🇨🇳,198,"陆游→陆由
唐婉→唐莞
萧摩诃→萧摩呵",2022-03-02 18:28:43,,
过来看看,201,"墨家古阵
10002192
陆游——陆岁寒
唐婉——唐玉妆
完颜亮——孙亮
完颜雍——李庸
萧摩诃——萧峻阳
高长恭——高祈",2022-03-02 21:20:27,,
User331210767,203,"服务器：木兰山中
ID：10055480
1. 陆游——陆有
2. 唐婉——唐丸
3. 完颜亮——完颜粮
4. 完颜雍——完颜镛
5. 萧摩诃——萧磨磕
6. 高长恭——高尝觥
",2022-03-03 01:12:27,木兰山中,10055480
小舟,204,"服务器：苗疆密林
ID：10689304
1.陆游——陆鸿翊
2.唐婉——唐嫣、唐忆仙、唐柔、唐代欢
3.完颜亮——完颜明
4.完颜雍——完颜禛
5.萧摩诃——萧胤圣
6.高长恭——高靖、高靖之

1.      关于陆游，其实我也想取“陆观”这名的，主要是有谐音。然后说说我为何取“鸿翊”二字。
        鸿翊，有鲲鹏展翅立羽之意，立意灵感来自逍遥游，又谐“弘毅”二字，子曰：“士不可以不弘毅，任重而道远。仁以为己任，不亦重乎？死而后已，不亦远乎？”，与陆游儒骨道风之神采暗合。
        陆游一生不得志，我取“鸿翊”本意，一是嘲讽陆游是被陆母困于笼中的小雀;二说他身负才学却不得施展，是展翅待飞之鹏;三是游戏中，他假虞允文采石之战，成为英雄。
2.      唐婉取名，我没啥明确思路，又想以名字的美好衬结局悲凉，又想写她娇柔贤惠体贴，也想写她郁郁寡欢，反正很乱，没定下念头。
3、4、俩龙套，随便取取啰，对于这个外族姓也不太懂取名规律。
5.      胤圣，有圣人后嗣的意思，也是为往圣继绝学之意，萧摩诃给我感官上并不是一个彻头彻尾暴虐的大反派，胤圣感觉上，既有文人气息，又有与皇权对峙甚至超越的感觉。
6.      靖。没有变故或动乱;使秩序安定;平定（变乱）。游戏中，高长恭给我的感觉就是段誉和郭靖的糅合体，但总归是个老好人嘛，靖字，既写愿景，又有英气。

",2022-03-03 01:38:49,苗疆密林,10689304
生勤死息,205,"陆游—陆由器
糖丸—糖丸子
寒烟—含眼泪
耶律红—野驴红眼

",2022-03-03 09:33:16,,
雨月江南,210,"服务器：苗疆密林
ID：10667802

1. 陆游——陆油漆
2. 唐婉——唐碗
3. 完颜亮——完颜不认识1号
4. 完颜雍——完颜不认识2号
5. 萧摩诃——萧反派
6. 高长恭——高神隐
",2022-03-04 14:05:28,苗疆密林,10667802
霞客行,211,为什么要改名呀？,2022-03-05 00:40:19,,
大卫,213,"服务器：天山雪谷
ID:10000565
1.陆游——陆浮生
2.唐婉——唐清婉
3.完颜亮——完颜烈
4.完颜雍——完颜矢
5.萧摩诃——萧无量
6.高长恭——高长生",2022-03-05 22:28:30,天山雪谷,10000565
一眼万年轻.,215,"歪个楼
大家太有才了
有的让我拍大腿
有的让我笑掉头",2022-03-30 23:01:24,,
绳而,3,夫妻真的不希望改……ᶘ ͡१ᴥ͡१ᶅ,2022-02-25 21:24:17,,
手机用户98000850,7,"版权问题？
唐碗，陆油",2022-02-25 21:38:58,,
手机用户98000850,8,红皮耗子这一操作又要在贴吧被喷了[tapemoji=26][/tapemoji],2022-02-25 21:42:17,,
华山小钻风,10,"陆放翁，没毛病

",2022-02-25 21:43:27,,
特工穿山丁,11,"服务器：苗疆密林
ID：10022665
陆游-陆放翁（自号）   陆务观（字）",2022-02-25 21:47:34,苗疆密林,10022665
Zantanna,12,"苗疆密林
10670101
陆游→游陆
唐婉→糖丸
不是很明白为什么要改，还有其他的呢，到时候会不会全改？过不了审吗？",2022-02-25 21:51:02,,
苏千璃,13,"路由器 糖丸 就这了
",2022-02-25 21:51:45,,
铸币团团,14,"陆游—陆务
唐婉—唐宛
高长恭—高长虹
完颜亮—完颜良
完颜雍—完颜勇
角色ID：10891395
服务器名：天山雪谷",2022-02-25 21:52:03,名天山雪谷,10891395
白泽,15,"苗疆密林
ID：10771409
陆游——陆续
唐婉——唐缘",2022-02-25 21:53:55,,10771409
青菜白玉汤,17,"服务器：天山雪谷

ID：10897800

1. 陆游——陆明

2. 唐婉——唐晚

3. 完颜亮——完颜明

4. 完颜雍——完颜禄

5. 萧摩诃——萧烈

6. 高长恭——高倏隐

",2022-02-25 21:55:15,天山雪谷,10897800
等礼,19,"服务器：天山雪谷
ID：10343985
1. 陆游——吕游
2. 唐婉——唐瑶
3. 完颜亮——完颜凉
4. 完颜雍——完颜庸
5. 萧摩诃——萧摩耶
6. 高长恭——高长鸿




",2022-02-25 21:57:08,天山雪谷,10343985
墨楓,22,"服务器：洞庭月夜
ID: 10142773
1. 陆游——稼轩
2. 唐婉——唐蕙仙
3. 完颜亮——完颜不暗
4. 完颜雍——完颜华贵
5. 萧摩诃——萧一指
6. 高长恭——高兰陵
",2022-02-25 22:07:56,洞庭月夜,10142773
星空大南山疯清扬,27,"服务器：天山雪谷
10637100
疯青扬
1. 陆游——路由
2. 唐婉——唐丸
3. 完颜亮——完颜良
4. 完颜雍——完颜融
5. 萧摩诃——萧摩柯
6. 高长恭——高天武
",2022-02-25 22:17:56,天山雪谷,
星空大南山疯清扬,29,"服务器：天山雪谷
10662713
董宸澋
1. 陆游——陆幽
2. 唐婉——唐婉蓉
3. 完颜亮——完颜暗
4. 完颜雍——完颜融
5. 萧摩诃——萧大海
6. 高长恭——高震天
",2022-02-25 22:18:07,天山雪谷,
Σ(°Д°;,31,"服务器：墨家古阵
ID：10418176
陆游：蔡自游
唐婉：瑶挽
[tapemoji=4][/tapemoji]
",2022-02-25 22:19:01,墨家古阵,10418176
海上灵光,33,"水月山庄
1243990
陆游：陆悠
唐婉：唐绾",2022-02-25 22:23:07,,
手机用户43531839,34,"墨家古阵
ID:10357444
黄裤底
陆游---陆压
唐婉---唐灵
萧摩柯---萧黎平",2022-02-25 22:23:18,,10357444
挑灯夜读,36,"服务器：洞庭月夜
ID：10020940
1.陆游-陆北狩
2.唐婉-唐不悔
3.完颜亮-金不暗
4.完颜雍-金平
5.萧摩柯-萧一指
6.高长恭-高野



",2022-02-25 22:26:26,洞庭月夜,10020940
请输入昵称,38,"天津晓月
10390469
陆游→卢子放
糖丸→唐慧
高长恭→高奇
萧摩柯→萧元承
完颜亮→完颜德
完颜雍→完颜禄",2022-02-25 22:29:52,,
墨染芷,40,"离忧谷
10510577
墨染芷
陆游-陆佰陆
",2022-02-25 22:31:56,,
痛苦与傲慢,42,"我不记得跟他们有什么交情啊?[img]https://img2.tapimg.com/bbcode/etag/FsWkKZlIosgJCTGoH-R_I5HFQfDy.jpg[/img]

",2022-02-25 22:37:18,,
痛苦与傲慢,43,陆游不如叫做陆油器,2022-02-25 22:38:15,,
明眸蕴泪为谁伤丶,44,"服务器：墨家古镇

ID：10637048

1. 陆游——陆惊鸿

2. 唐婉——唐雨嫣

3. 完颜亮——完颜光

4. 完颜雍——完颜正

5. 萧摩诃——萧无量

6. 高长恭——高长风
",2022-02-25 22:38:40,墨家古镇,10637048
風中忆流年,46,"服务器：天山雪谷
ID：10941638
1.陆游-陆塘
2.唐婉-唐露
3.完颜亮-完颜烈
4.完颜雍-完颜霸
5.萧摩柯-萧总
6.高长恭-高丸


",2022-02-25 22:45:33,天山雪谷,10941638
崎路人,48,"服务器：苗疆密林
ID：10024112
1.陆游——陆泳
2.唐婉——糖丸
3.完颜亮——完颜梁
4.完颜雍——完颜咏
5.箫摩诃——箫墨鹤
6.高长恭——高短恭",2022-02-25 22:51:14,苗疆密林,10024112
盈盈一水间，脉脉不得语,49,"苗疆密林
10869519
麦兜呀
陆游——陆子期
唐婉——糖丸
虽然极其不愿意，但相信ss也不愿意也有自己的苦衷，唉。",2022-02-25 22:53:28,,
蘇酥酱,51,"服务器：天津晓月
ID：10439422
1.陆游--陆放
2.唐婉--唐柔
3.完颜亮--完颜征
4.完颜雍--完颜城
5.萧摩诃--萧吴亮
6.高长恭--高长君",2022-02-25 22:54:25,天津晓月,10439422
千蝶纷,52,"服务器：洞庭月夜
ID：10051508
1.陆游-陆务观
2.唐婉-唐蕙仙
3.完颜亮-完颜元功
4.完颜雍-完颜乌禄
5.萧摩柯-萧元胤
6.高长恭-高肃
",2022-02-25 22:55:33,洞庭月夜,10051508
天生寒光,55,"无名幻境
11202282
天生寒光
陆游-陆斗，心怀一斗酒，难平天下事",2022-02-25 23:01:49,,
User402168873,60,"苗疆密林

10710829

一小翠一 


陆游—陆驰
唐婉—唐芍

",2022-02-25 23:24:04,,
御剑江湖,64,"服务器：天津晓月
ID：10426542
1.陆游-陆务观
2.唐婉-唐蕙仙
3.完颜亮-完颜谅
4.完颜雍-完颜庸
5.萧摩柯-萧谟轲
6.高长恭-高常恭",2022-02-25 23:35:00,天津晓月,10426542
自信满满可怜,67,"服务器：龙泉剑庐
ID: 10259977
1. 陆游——陆悠
2. 唐婉——唐仙
3. 完颜亮——完颜谅
4. 完颜雍——完颜禄
5. 萧摩诃——乔摩诃
6. 高长恭——高孝瓘",2022-02-25 23:38:30,龙泉剑庐,10259977
User69358653,68,"服务器：龙泉剑庐
ID：10359915
1. 陆游——陆近
2. 唐婉——唐浣纱
3. 完颜亮——完延兩
4. 完颜雍——完延禄
5. 萧摩诃——萧杰
6. 高长恭——高谓
",2022-02-25 23:47:33,龙泉剑庐,10359915
柠檬侠,69,"服务器：苗疆密林
ID:10351769
陆游：路由
唐婉：糖丸",2022-02-25 23:56:05,苗疆密林,10351769
bubble。,70,"苗疆密林
10638632
和花
1. 陆游——陆万
2. 唐婉——唐幽
3. 完颜亮——完颜山
4. 完颜雍——完颜和
5. 萧摩诃——萧阳
6. 高长恭—高无寅
",2022-02-25 23:56:23,,
遗鱼,71,"服务器：无名幻境
id：11316028
陆游       陆志定
唐婉       糖丸
完颜亮   完颜霸
完颜雍   完颜霄
萧摩柯   萧墨客
高长恭   高逍遥",2022-02-26 00:00:31,无名幻境,
秋风扫落叶,72,"服务器:天山雪谷
ID:10712107
1.陆游-陆参
2.唐婉-唐柔
3.完颜亮-完颜元功
4.完颜雍-完颜乌禄
5.萧摩诃-萧摩柯
6.高长恭-高肃",2022-02-26 00:09:43,天山雪谷,10712107
夏夜，你好,73,"服务器：无名幻境
ID：11330420

陆游        陆少游
唐婉        唐晓婉",2022-02-26 00:12:40,无名幻境,11330420
混色朝歌,75,"洞庭月夜
10007997
混色朝歌
陆游-路放文
唐婉-棠凤钗
完颜亮-元海陵
完颜雍-元世雍
萧摩诃-老萧名字实在不知道咋改了，看各位发挥吧
高长恭-高陵",2022-02-26 00:41:31,,
牧苏苏,82,"苗疆密林
10805846
唐婉-糖丸
陆游-陆郎",2022-02-26 06:20:27,,
小贤啊，,83,"唐碗！
陆游！",2022-02-26 07:03:58,,
大尾巴橘子,84,"天山雪谷
10828853
不会飞的猫
陆游改陆放，糖丸改唐缘",2022-02-26 08:02:04,,
大纪,85,"服务器：明月山
ID: 10101010
陆游——陆由器
[tapemoji=27][/tapemoji]
",2022-02-26 08:53:00,明月山,10101010
Leo,86,"

苗疆密林10872969酒漏余
1. 陆游—陆泫然 取自《沈园二首 其二》此身行作稽山土，犹吊遗踪一泫然。2. 唐婉—唐红浥 取自《钗头凤 红酥手》春如旧，人空瘦，泪痕红浥鲛绡透。泫然对红浥，皆是伤心泪3.完颜亮—玩蛋黑4.完颜雍—不想起5.萧摩诃—萧某某6.高长恭—高短剑
",2022-02-26 09:24:03,,
十字星※,88,"无名幻境
11142501
陆游→陆子临  子女临行便要成为游子
唐婉→棠婉",2022-02-26 09:52:32,,
手机用户40371968,92,"服务器:天山雪谷
ID:10846516
陆游———陆松",2022-02-26 10:22:45,天山雪谷,10846516
一匹马赛克,95,"苗疆密林
10823155
一匹马赛克

1.陆游——陆离
2.唐婉——唐敏

",2022-02-26 11:25:26,,
马路杀手［精通］-伊穆渊,98,拿来吧你！又想白嫖我们的创意！,2022-02-26 12:06:54,,
雨音殘响,99,"苗疆密林
10628324
1.陆游——陆尤
2.唐婉——糖丸
3.完颜亮——完颜明
4.完颜雍——完颜正
5.萧摩诃——萧漠
6.高长恭——高陵",2022-02-26 12:20:08,,
雨音殘响,100,"苗疆密林
10599783
1.陆游——陆尤
2.唐婉——糖丸
3.完颜亮——完颜明
4.完颜雍——完颜正
5.萧摩诃——萧漠
6.高长恭——高陵",2022-02-26 12:21:21,,
雨音殘响,101,"苗疆密林
10576439
1.陆游——陆尤
2.唐婉——糖丸
3.完颜亮——完颜明
4.完颜雍——完颜正
5.萧摩诃——萧漠
6.高长恭——高陵",2022-02-26 12:21:47,,
绝活卡尔王,102,改个毛啊，松鼠你的骨气呢，不会说我不改吗,2022-02-26 12:36:43,,
QQ用户16684333,103,"苗疆密林
10710670
吃莱姆二哈
陆知离
唐念君
其他的爱改不改",2022-02-26 12:43:58,,
Artoria,104,牛大了,2022-02-26 13:10:45,,
小虫豆腐花,105,"天津晓月
10023745
1.陆游——陆观
2.唐婉——唐绾
3.完颜亮——完颜古
4.完颜雍——完颜禄
5.萧摩诃——萧摩托
6.高长恭——高陵",2022-02-26 13:13:11,,
User401176717,106,"服务器：苗疆密林
id:10856146
1.陆游——陆渣
2.唐婉——唐愁
3.完颜亮——完清醒
4.完颜雍——完糊涂
5.萧摩诃——萧一指
6.高长恭——高佬",2022-02-26 13:29:07,苗疆密林,
大啵,108,"苗疆密林
10880380
大啵


100元宝 


陆游：陆哥
唐婉：婉妹
",2022-02-26 13:58:31,,
水三人,110,"服务器：苗疆密林
id：10596576
1.陆游-陆方文
2.唐婉-棠婉
3.完颜亮-完颜正元
4.完颜雍-完颜禄
5.萧摩诃-萧镇诃
6.高长恭-高笑凌",2022-02-26 14:03:12,苗疆密林,
青菜呀萝卜,111,"服务器：无名幻境
ID：11337412
游戏昵称：暮漓烟
1. 陆游——陆遊之
2. 唐婉——唐琬儿
3. 完颜亮——完颜洪
4. 完颜雍——完颜烈
5. 萧摩诃——萧摩诘
6. 高长恭——高天龚
保持原有的基础上稍作改动，让人一看便知",2022-02-26 14:09:53,无名幻境,11337412
洛,112,"服务器：洞庭月夜
id:10009178
1.陆游——陆务（取自陆游字务观）
2.唐婉——唐蕙（取自唐婉字蕙仙）
3.完颜亮——完颜功（取自完颜亮字元功）
4.完颜雍——完颜宗（取自本身是金世宗）
5.萧摩诃——萧元（取自萧摩诃字元胤）
6.高长恭——高孝陵（取自族名以及兰陵王）",2022-02-26 14:42:41,洞庭月夜,
洛,113,"服务器：洞庭月夜
id:10009176
1.陆游——陆务（取自陆游字务观）
2.唐婉——唐蕙（取自唐婉字蕙仙）
3.完颜亮——完颜功（取自完颜亮字元功）
4.完颜雍——完颜宗（取自本身是金世宗）
5.萧摩诃——萧元（取自萧摩诃字元胤）
6.高长恭——高孝陵（取自族名以及兰陵王）",2022-02-26 14:43:27,洞庭月夜,
洛,114,"服务器：洞庭月夜
id:10009175
1.陆游——陆务（取自陆游字务观）
2.唐婉——唐蕙（取自唐婉字蕙仙）
3.完颜亮——完颜功（取自完颜亮字元功）
4.完颜雍——完颜宗（取自本身是金世宗）
5.萧摩诃——萧元（取自萧摩诃字元胤）
6.高长恭——高孝陵（取自族名以及兰陵王）",2022-02-26 14:44:10,洞庭月夜,
洛,115,"服务器：洞庭月夜
id:10009177
1.陆游——陆务（取自陆游字务观）
2.唐婉——唐蕙（取自唐婉字蕙仙）
3.完颜亮——完颜功（取自完颜亮字元功）
4.完颜雍——完颜宗（取自本身是金世宗）
5.萧摩诃——萧元（取自萧摩诃字元胤）
6.高长恭——高孝陵（取自族名以及兰陵王）",2022-02-26 14:44:46,洞庭月夜,
洛,116,"服务器：洞庭月夜
id:10015003
1.陆游——陆务（取自陆游字务观）
2.唐婉——唐蕙（取自唐婉字蕙仙）
3.完颜亮——完颜功（取自完颜亮字元功）
4.完颜雍——完颜宗（取自本身是金世宗）
5.萧摩诃——萧元（取自萧摩诃字元胤）
6.高长恭——高孝陵（取自族名以及兰陵王）",2022-02-26 14:45:42,洞庭月夜,
洛,117,"服务器：洞庭月夜
id:10015003
1.陆游——陆务（取自陆游字务观）
2.唐婉——唐蕙（取自唐婉字蕙仙）
3.完颜亮——完颜功（取自完颜亮字元功）
4.完颜雍——完颜宗（取自本身是金世宗）
5.萧摩诃——萧元（取自萧摩诃字元胤）
6.高长恭——高孝陵（取自族名以及兰陵王）",2022-02-26 14:46:15,洞庭月夜,
洛,118,"服务器：洞庭月夜
id:10059251
1.陆游——陆务（取自陆游字务观）
2.唐婉——唐蕙（取自唐婉字蕙仙）
3.完颜亮——完颜功（取自完颜亮字元功）
4.完颜雍——完颜宗（取自本身是金世宗）
5.萧摩诃——萧元（取自萧摩诃字元胤）
6.高长恭——高孝陵（取自族名以及兰陵王）",2022-02-26 14:46:39,洞庭月夜,
洛,119,"服务器：洞庭月夜
id:10007990
1.陆游——陆务（取自陆游字务观）
2.唐婉——唐蕙（取自唐婉字蕙仙）
3.完颜亮——完颜功（取自完颜亮字元功）
4.完颜雍——完颜宗（取自本身是金世宗）
5.萧摩诃——萧元（取自萧摩诃字元胤）
6.高长恭——高孝陵（取自族名以及兰陵王）",2022-02-26 14:48:03,洞庭月夜,
洛,120,"服务器：洞庭月夜
id:10143795
1.陆游——陆务（取自陆游字务观）
2.唐婉——唐蕙（取自唐婉字蕙仙）
3.完颜亮——完颜功（取自完颜亮字元功）
4.完颜雍——完颜宗（取自本身是金世宗）
5.萧摩诃——萧元（取自萧摩诃字元胤）
6.高长恭——高孝陵（取自族名以及兰陵王）",2022-02-26 14:48:50,洞庭月夜,
洛,121,"服务器：洞庭月夜
id:10143810
1.陆游——陆务（取自陆游字务观）
2.唐婉——唐蕙（取自唐婉字蕙仙）
3.完颜亮——完颜功（取自完颜亮字元功）
4.完颜雍——完颜宗（取自本身是金世宗）
5.萧摩诃——萧元（取自萧摩诃字元胤）
6.高长恭——高孝陵（取自族名以及兰陵王）",2022-02-26 14:49:23,洞庭月夜,
洛,122,"服务器：洞庭月夜
id:10143810
1.陆游——陆务（取自陆游字务观）
2.唐婉——唐蕙（取自唐婉字蕙仙）
3.完颜亮——完颜功（取自完颜亮字元功）
4.完颜雍——完颜宗（取自本身是金世宗）
5.萧摩诃——萧元（取自萧摩诃字元胤）
6.高长恭——高孝陵（取自族名以及兰陵王）",2022-02-26 14:50:20,洞庭月夜,
洛,123,"服务器：洞庭月夜
id:10143813
1.陆游——陆务（取自陆游字务观）
2.唐婉——唐蕙（取自唐婉字蕙仙）
3.完颜亮——完颜功（取自完颜亮字元功）
4.完颜雍——完颜宗（取自本身是金世宗）
5.萧摩诃——萧元（取自萧摩诃字元胤）
6.高长恭——高孝陵（取自族名以及兰陵王）",2022-02-26 14:50:57,洞庭月夜,
加油,124,"
服务器：天津晓月
ID：10032491
鹤嘴锄
1. 陆游——小太白
2. 唐婉——慧仙
3. 完颜亮——敌古乃
4. 完颜雍——乌鲁
5. 萧摩诃——元胤
6. 高长恭——高肃
换汤不换药，外号，字，原名换着来呗",2022-02-26 15:11:21,天津晓月,10032491
꧁꫞*星*空*꫞꧂,126,"服务器：天山雪谷
ID：10937560
1.陆游—陆黎

2.唐婉—唐琦
3.完颜亮—完颜曙
4.完颜雍—完颜松
5.萧摩诃—萧长空
6.高长恭—高止戈
",2022-02-26 16:37:40,天山雪谷,10937560
生查子,127,"天山雪谷
10141995
1.陆游－陆攸",2022-02-26 16:38:44,,
User45591259,128,"路由——陆子游 唐婉——唐皖  取谐音不好吗 
",2022-02-26 17:13:51,,
没有昵称就是昵称,129,"id : 10918129 
服务器: 天山雪谷
陆游→陆油
唐婉→唐碗

",2022-02-26 17:50:08,天山雪谷,
白象方便面。,130,"苗疆密林
10758858
云正诚
陆游——韩立
唐婉——南宫婉

",2022-02-26 18:17:58,,
该用户已注销,131,"服务器：无名幻境
ID：10847639
1. 陆游——路游
2. 唐婉——棠琬
3. 完颜亮——完颜康
4. 完颜雍——完颜钧
5. 萧摩诃——萧摩耶
6. 高长恭——高常觥
",2022-02-26 20:14:51,无名幻境,10847639
露米娅吃人啦,133,"服务器：苗疆密林
ID：10788116
1. 陆游——陆宇
2. 唐婉——唐绾
3. 完颜亮——完颜光
4. 完颜雍——完颜勇
5. 萧摩诃——萧墨
6. 高长恭——高长宁",2022-02-26 21:04:46,苗疆密林,10788116
重逢,134,"天山雪谷
10754290
高长恭→高短恭",2022-02-26 21:33:26,,
醉红楼,135,"服务器：无名幻境
ID：10616469
陆游--陆放翁
唐婉--糖丸",2022-02-26 22:15:18,无名幻境,10616469
MADAO,136,"天山雪谷
10944617
束万怨
1. 陆游——路游
2. 唐婉——棠琬
3. 完颜亮——完颜康
4. 完颜雍——完颜钧
5. 萧摩诃——萧摩耶
6. 高长恭——高常觥
",2022-02-26 22:16:08,,
璞石,137,"服务器：天山雪谷
ID：10952862
1. 陆游——陆务观
2. 唐婉——唐蕙仙
3. 完颜亮——完颜迪古乃
4. 完颜雍——完颜褒
5. 萧摩诃——萧元胤
6. 高长恭——高肃

",2022-02-26 22:21:34,天山雪谷,10952862
手机用户29769488,138,"服务器:苗疆密林
ID:10812238
1.陆游——陆辙
2.唐婉——唐玲",2022-02-26 22:32:15,苗疆密林,10812238
lane,141,"苗疆密林
10820343

1. 陆游——陆宇
2. 唐婉——唐绾
3. 完颜亮——完颜光
4. 完颜雍——完颜勇
5. 萧摩诃——萧墨
6. 高长恭——高长宁",2022-02-26 23:33:55,,
你家怀才不遇,142,"苗疆密林
10690560
哒宰×中也
1.陆游—陆生
2.唐婉—唐约",2022-02-26 23:57:20,,
风起故里,143,"龙泉剑庐
10354313
1. 陆游——陆御
2. 唐婉——唐芝仙
3. 完颜亮——完颜古
4. 完颜雍——完颜画
5. 萧摩诃——萧观画
6. 高长恭——高景
",2022-02-27 00:24:01,,
-,145,"服务器：墨家古阵
ID：10065291
游戏昵称：章炜东
1. 陆游——陆尤
2. 唐婉——唐晚
3. 完颜亮——完颜洪
4. 完颜雍——完颜镇
5. 萧摩诃——萧摩侃
6. 高长恭——高长沙
",2022-02-27 03:10:00,墨家古阵,10065291
东郭隐,146,"服务器：无名幻境
ID：11344831
游戏昵称：东郭无
1. 陆游——陆文灵
2. 唐婉——宛棠
3. 完颜亮——完颜洪
4. 完颜雍——完颜末
5. 萧摩诃——萧元墨
6. 高长恭——高长升",2022-02-27 04:31:56,无名幻境,11344831
小星子儿,147,"无名幻境
ID：11248713
黄宗仁
陆游— 陆子旻 陆子铭 陆文卿
唐婉—  唐歆  唐柔  唐瑗",2022-02-27 09:16:24,,11248713
imperturbation,148,"陆游—路由器
唐婉—躺着玩",2022-02-27 09:38:51,,
Samuin,149,"服务器：天津晓月
ID：10437528
1. 陆游——陆洐
2. 唐婉——唐珏
3. 完颜亮——完颜明
4. 完颜雍——完颜禄
5. 萧摩诃——萧诃胤
6. 高长恭——高长凛",2022-02-27 11:07:33,天津晓月,10437528
点道为止,150,"服务器：龙泉剑庐
ID：10356845
1. 陆游——陆靖
2. 唐婉——唐蓉
3. 完颜亮——完颜光
4. 完颜雍——完颜禄
5. 萧摩诃——萧元胤
6. 高长恭——高子陵",2022-02-27 11:18:55,龙泉剑庐,10356845
零〃,152,我就说一个  陆地神仙 ！😂😂😂 ,2022-02-27 11:52:59,,
连城诀,153,"服务器：天山雪谷
ID：10458581
陆游-陆柯
唐婉-唐莹",2022-02-27 12:05:27,天山雪谷,10458581
山有扶苏,154,祈福呢,2022-02-27 12:07:29,,
萌新白又菜,155,"苗疆密林
10350735
娃娃菜酵母


陆游-陆郎
唐婉-婉妹",2022-02-27 12:24:05,,
罡,156,"服务器:苗疆密林
ID:10524584
1.陆游——陆务观
2.唐婉——唐蕙仙
3.完颜亮——完颜迪古乃
4.完颜雍——完颜乌禄
5.萧摩诃——萧元胤
6.高长恭——高肃/高孝瓘",2022-02-27 12:42:11,苗疆密林,10524584
王,157,"服务器：苗疆密林
ID：10691220
1. 陆游——陆乃翁
2. 唐婉——唐雅
3. 完颜亮——完颜阳
4. 完颜雍——完颜阴
5. 萧摩诃——萧无量
6. 高长恭——高公羽
",2022-02-27 12:42:55,苗疆密林,10691220
全区最靓的仔,158,"服务器：明月楼
id：10149020
1. 陆游——陆婉
2. 唐婉——唐游
3. 完颜亮——完颜雍
4. 完颜雍——完颜亮
5. 萧摩诃——萧铁拳
6. 高长恭——高之歌
",2022-02-27 12:57:52,明月楼,
User403961836,159,"服务器：苗疆密林
ID：10753338
角色名：东方曜a
陆游～～陆郎
唐婉～～婉妹
高长恭～～晋王爷
算了，编不下去了，我摊牌了，我就是来嫖元宝的",2022-02-27 13:23:10,苗疆密林,10753338
可以了,160,陆婉&唐游,2022-02-27 13:52:06,,
越曾繁华越寂寞,161,"苗疆密林
10574827
1. 陆游——陆婉
2. 唐婉——唐游
3. 完颜亮——完颜黑
4. 完颜雍——完颜白
5. 萧摩诃——萧摩尔
6. 高长恭——高长短
",2022-02-27 14:11:00,,
越曾繁华越寂寞,162,"苗疆密林
10603581
1. 陆游——陆太极
2. 唐婉——唐挡刀
3. 完颜亮——完颜弟
4. 完颜雍——完颜弟弟
5. 萧摩诃——萧弟弟
6. 高长恭——高弟弟

",2022-02-27 14:14:34,,
猫猫无敌最俊朗,164,"
服务器：苗疆密林
ID：10905456
1. 陆游——陆灵渊(鸳)
2. 唐婉——唐鸯
3. 完颜亮——完颜洪
4. 完颜雍——完颜烈
5. 萧摩诃——萧太史(太师)
6. 高长恭——高忠武

[tapemoji=4][/tapemoji]
",2022-02-27 14:58:16,苗疆密林,10905456
User347657619,166,"苗疆密林
10592671
1. 陆游——陆客
2. 唐婉——唐锦
3. 完颜亮——完颜烈
4. 完颜雍——完颜征
5. 萧摩诃——萧阎摩
6. 高长恭——高之瀚

",2022-02-27 15:24:02,,
A,168,"服务器：苗疆密林
ID：10867919
陆游——陆归
唐婉——唐芷
完颜亮——完颜暗
完颜雍——完颜杰
萧摩柯——萧无量
高长恭——高小小
[tapemoji=26][/tapemoji]
",2022-02-27 17:10:08,苗疆密林,10867919
没有冇,169,"离忧谷
10466266
乱金柝
1、陆游——陆北望
2、唐婉——唐灵秀
2、完颜亮——金元功
4、完颜雍——金乌禄

",2022-02-27 19:28:21,,
而已·而已,170,"服务器 天山雪谷
id 10518518
1.陆游——陆放翁
2.唐婉——糖丸
3.完颜亮——颜亮
4.完颜雍——颜雍
5.萧摩诃——摩柯
6.高长恭——兰陵高",2022-02-27 21:43:08,天山雪谷,
而已·而已,171,"天山雪谷
10604434
陆游
唐婉
颜亮
颜雍
元雍
高兰陵",2022-02-27 21:45:46,,
哈哈,172,"天山雪谷
10804619
1. 陆游——陆客
2. 唐婉——唐锦
3. 完颜亮——完颜烈
4. 完颜雍——完颜征
5. 萧摩诃——萧阎摩
6. 高长恭——高之瀚",2022-02-27 23:08:16,,
WEAREJUSTICE,174,"服务器：天津晓月
ID：10334853
完颜亮——完颜烈
完颜雍——完颜景
萧摩诃——萧无量
这三个取近义词
陆游——陆引鹤
取自陆游《冬日二首》，鹤又象征高洁君子，志向高远
唐婉——唐蕙，唐婉字蕙仙，蕙本意香草也可以与鹤相对
高长恭——高逸臣，逸是他个人的性格和向往，臣是作为宗室的身份和职责",2022-02-28 01:55:59,天津晓月,10334853
雪寻,177,"龙泉剑庐
10265694
风玲珑
陆游⇒陆惊鸿（伤心桥下春波绿，曾是惊鸿照影来）
唐婉⇒唐锦书（山盟虽在，锦书难托）
高长恭⇒兰陵（高长恭兰陵王）
萧摩诃⇒萧元胤（字元胤）
完颜亮⇒完颜炀王（谥号海陵炀王）
完颜雍⇒完颜乌（乌林答的意难平）",2022-02-28 10:42:12,,
你的名字,179,"苗疆密林
10543285
1陆游--陆有容
2唐婉--唐月柔
3完颜亮--完颜过
4完颜雍--完颜康
5萧摩柯--萧问天
6高长恭--高无敌",2022-02-28 12:40:22,,
User355998978,180,"服务器：苗疆密林
ID：10905353
1. 陆游——陆毅
2. 唐婉——唐茜
3. 完颜亮——完颜萍
4. 完颜雍——完颜成
5. 萧摩诃——萧摩颉
6. 高长恭—高尔夫",2022-02-28 13:36:55,苗疆密林,10905353
冷容,181,陆水放 唐女宛  不行吗[tapemoji=40][/tapemoji],2022-02-28 15:37:18,,
红魔兔,184,我挺好奇三国杀要怎么改角色名字[tapemoji=26][/tapemoji],2022-03-01 02:56:40,,
三皇,185,"服务器：明月楼
ID：10150501
1.陆游—陆郎
2.唐婉—婉莹
3.完颜亮—完颜宗
4.完颜雍—完颜卿
5.萧摩诃—萧炎
6.高长恭—高弘",2022-03-01 11:25:59,明月楼,10150501
无名剑法的精髓值得我一生去追求,186,"服务器：明月楼
ID：10067845
1. 陆游——陆莲花
2. 唐婉——唐妈
3. 完颜亮——完颜明
4. 完颜雍——完颜禄
5. 萧摩诃——萧魔盒
6. 高长恭—高育良
",2022-03-01 11:39:00,明月楼,10067845
头铁断金砖,189,"龙泉剑庐
10027165
三尺寒剑
1. 陆游——陆望北
2. 唐婉——唐宛
3. 完颜亮——完颜术
4. 完颜雍——完颜尚
5. 萧摩诃——萧云峰
6. 高长恭——高莫离",2022-03-01 18:48:12,,
自由信条,190,"服务器：天山雪谷
ID：10931907
1. 陆游——陆笈
2. 唐婉——唐娥
3. 完颜亮——完颜耀
4. 完颜雍——完颜靖
5. 萧摩诃——萧无量
6. 高长恭——高伯逊",2022-03-01 20:27:38,天山雪谷,10931907
User434017498,192,"服务器：苗疆密林
ID：10808824
1. 陆游——陆走
2. 唐婉——唐锅
3. 完颜亮——完颜暗
4. 完颜雍——完颜雅
5. 萧摩诃——萧无量
6. 高长恭——矮短直
☺️🤣😁",2022-03-02 00:25:33,苗疆密林,10808824
msxd520,194,"服务器：天山雪谷
ID：10047715
1. 陆游——陆一
2. 唐婉——唐二
3. 完颜亮——完颜三
4. 完颜雍——完颜四
5. 萧摩诃——萧大人
6. 高长恭——高公子",2022-03-02 14:10:47,天山雪谷,10047715
老唐,197,"服务器：苗疆密林
ID：10161943
1.陆游——陆航
2.唐婉——唐玥
3.完颜亮——完颜墨
4.完颜雍——完颜正
5.萧摩柯——萧摩耶
6.高长恭——高方平",2022-03-02 17:32:39,苗疆密林,10161943
宁海诚,200,"苗疆密林
10621278
宁海诚
唐婉——唐婉儿
陆游——陆少游
完颜亮——完颜谅
完颜雍——完颜庸
萧摩柯——萧摩轲
高长恭——高长珙",2022-03-02 21:08:24,,
千氷,202,老婆,2022-03-02 23:58:34,,
dd,208,"服务器：无名幻境
ID：10792613
1. 陆游——陆观
2. 唐婉——唐菀
3. 完颜亮——完颜业
4. 完颜雍——完颜和
5. 萧摩诃——萧无量
6. 高长恭——高长隐
",2022-03-03 23:01:58,无名幻境,10792613
珏,209,"服务器：墨家古阵
ID：10399368
1. 陆游——陆观
2. 唐婉——唐玲
3. 完颜亮——完颜恒
4. 完颜雍——完颜禄
5. 萧摩诃——萧元胤
6. 高长恭——高邙",2022-03-04 13:51:32,墨家古阵,10399368
古谷孤,212,"服务器：苗疆密林
ID：10321344
1. 陆游——陆观
2. 唐婉——唐玲
3. 完颜亮——完颜恒
4. 完颜雍——完颜禄
5. 萧摩诃——萧元胤
6. 高长恭——高邙",2022-03-05 12:20:13,苗疆密林,10321344
风吹雪,216,"1.陆大千
2.唐小婉
3.完颜宗烈
4.完颜宗保
5.萧别离
6.高长歌",2022-05-30 12:41:41,,
华山底层弟子·送货郎,217,[tapemoji=40][/tapemoji],2022-05-30 19:06:21,,
